Session ID,Timestamp,Item ID,Price,Quantity
2,2025-04-20T11:34:44Z,70,1147,4
2,2025-04-06T18:33:05Z,13,3588,4
8,2025-04-29T23:16:25Z,34,524,2
9,2025-04-20T12:59:59Z,89,4233,1
9,2025-04-22T22:44:56Z,58,2702,3
11,2025-04-04T02:31:48Z,1,3244,5
12,2025-04-29T08:18:29Z,17,850,2
13,2025-04-23T11:27:15Z,19,845,4
19,2025-04-03T04:01:55Z,75,1321,1
21,2025-04-20T14:32:19Z,48,3408,2
21,2025-04-15T01:46:20Z,71,3730,5
21,2025-04-14T19:15:26Z,47,3630,1
22,2025-04-16T21:00:59Z,46,3778,3
22,2025-04-05T16:58:44Z,43,349,2
24,2025-04-14T06:52:50Z,40,2490,3
28,2025-04-24T23:31:50Z,47,2425,3
28,2025-04-29T08:14:56Z,72,3676,1
28,2025-04-23T02:46:47Z,3,1609,5
31,2025-04-01T07:21:32Z,11,637,1
31,2025-04-14T12:48:19Z,53,1029,5
31,2025-04-27T22:08:48Z,66,1499,5
33,2025-04-20T21:12:00Z,75,3388,5
33,2025-04-29T04:31:07Z,28,3218,5
33,2025-04-14T01:22:57Z,79,960,1
34,2025-04-27T12:45:38Z,61,2740,3
39,2025-04-09T11:01:35Z,43,3229,2
39,2025-04-06T10:35:35Z,36,4905,4
39,2025-04-28T22:43:35Z,24,3274,2
40,2025-04-02T09:34:41Z,66,3483,2
40,2025-04-25T00:53:11Z,70,3601,3
44,2025-04-18T23:40:17Z,61,4409,4
61,2025-04-17T17:56:35Z,7,3184,3
61,2025-04-23T10:41:39Z,55,4127,1
61,2025-04-24T19:19:57Z,77,4102,1
74,2025-04-27T10:32:07Z,62,1150,3
76,2025-04-12T12:44:06Z,18,243,2
78,2025-04-16T21:21:22Z,17,2875,3
78,2025-04-24T21:14:42Z,51,887,5
78,2025-04-27T00:40:21Z,91,4630,5
81,2025-04-12T18:14:47Z,23,1991,4
81,2025-04-07T09:07:03Z,58,1248,5
83,2025-04-03T10:55:07Z,83,3376,1
86,2025-04-27T22:30:49Z,55,4039,1
86,2025-04-20T05:13:44Z,50,948,2
86,2025-04-14T20:49:42Z,39,3433,2
89,2025-04-23T16:29:05Z,99,2766,2
89,2025-04-02T16:12:58Z,14,2634,1
90,2025-04-02T17:22:12Z,21,3051,4
92,2025-04-18T04:41:52Z,69,4587,4
92,2025-04-12T14:06:01Z,6,2901,5
92,2025-04-23T23:07:26Z,16,2748,4
95,2025-04-14T10:44:41Z,38,2946,1
95,2025-04-25T19:09:24Z,47,1311,5
95,2025-04-14T10:02:38Z,44,1470,1
104,2025-04-24T22:47:06Z,51,3753,4
105,2025-04-01T21:12:23Z,81,2808,3
105,2025-04-05T02:18:46Z,9,881,2
107,2025-04-28T16:11:29Z,94,1994,2
108,2025-04-19T06:28:00Z,18,1823,4
108,2025-04-25T07:59:08Z,64,1275,3
108,2025-04-01T23:53:25Z,4,4593,1
109,2025-04-28T11:45:54Z,96,2559,2
109,2025-04-26T08:24:03Z,20,3308,4
112,2025-04-20T15:06:01Z,98,4041,3
112,2025-04-29T13:09:40Z,29,2197,3
112,2025-04-23T14:46:05Z,57,4169,2
115,2025-04-26T15:22:01Z,8,2502,2
115,2025-04-03T09:00:40Z,16,1685,1
115,2025-04-16T04:30:48Z,81,2615,3
121,2025-04-13T22:09:42Z,54,4004,1
122,2025-04-27T11:06:23Z,78,4358,5
122,2025-04-02T16:12:24Z,36,3408,5
122,2025-04-09T18:25:30Z,87,1540,2
124,2025-04-25T04:26:26Z,52,2999,5
126,2025-04-01T03:11:07Z,69,2867,2
126,2025-04-29T08:22:37Z,11,3890,1
130,2025-04-27T12:44:57Z,25,4890,4
130,2025-04-05T03:32:33Z,85,4933,3
130,2025-04-21T04:08:39Z,60,3909,1
131,2025-04-11T17:49:41Z,34,2375,2
131,2025-04-20T11:43:00Z,66,2272,1
131,2025-04-17T04:48:07Z,37,399,2
132,2025-04-04T05:59:12Z,50,3088,2
132,2025-04-15T19:02:36Z,49,1834,4
132,2025-04-12T01:50:41Z,6,975,2
137,2025-04-28T14:40:41Z,75,3908,5
137,2025-04-13T16:09:49Z,38,1527,3
137,2025-04-23T05:42:43Z,69,3726,5
138,2025-04-14T01:23:58Z,28,3527,5
138,2025-04-29T04:44:07Z,60,1489,5
139,2025-04-07T21:24:38Z,3,369,1
139,2025-04-14T11:41:51Z,69,421,3
140,2025-04-29T08:48:39Z,100,2355,2
140,2025-04-10T15:23:01Z,60,1949,3
140,2025-04-04T01:06:30Z,46,3196,5
143,2025-04-13T20:34:36Z,29,116,3
143,2025-04-24T14:20:01Z,100,880,5
143,2025-04-18T18:47:06Z,98,1876,1
144,2025-04-02T19:21:47Z,48,2505,3
150,2025-04-18T20:17:06Z,93,3332,5
150,2025-04-27T12:39:21Z,78,3967,4
154,2025-04-07T18:01:17Z,33,2396,5
155,2025-04-17T19:15:10Z,54,1718,2
155,2025-04-12T07:03:29Z,73,1379,4
155,2025-04-02T04:00:23Z,2,4257,4
162,2025-04-10T10:03:35Z,82,3905,3
162,2025-04-06T11:37:36Z,16,4146,4
163,2025-04-17T22:46:59Z,31,2825,4
164,2025-04-19T18:51:50Z,39,2347,5
164,2025-04-06T06:38:55Z,36,4796,3
164,2025-04-03T20:36:43Z,76,3086,1
165,2025-04-05T14:11:58Z,20,3348,4
165,2025-04-07T21:42:55Z,47,451,4
166,2025-04-11T14:28:13Z,57,2795,3
166,2025-04-24T05:59:04Z,49,4532,1
167,2025-04-15T04:33:35Z,9,899,1
169,2025-04-10T20:12:25Z,78,209,1
172,2025-04-26T12:05:44Z,30,3073,5
172,2025-04-17T05:30:17Z,86,1720,3
172,2025-04-23T18:31:27Z,89,267,3
174,2025-04-04T08:56:31Z,66,509,2
174,2025-04-09T20:12:41Z,93,4492,2
182,2025-04-23T13:02:47Z,31,4929,2
182,2025-04-05T21:22:29Z,4,4378,3
183,2025-04-26T13:15:47Z,38,950,2
183,2025-04-13T08:09:08Z,6,959,4
183,2025-04-21T10:28:30Z,48,3532,3
185,2025-04-13T21:21:37Z,1,1283,4
188,2025-04-13T01:06:43Z,72,2574,2
190,2025-04-13T03:25:33Z,69,4355,2
192,2025-04-23T07:53:36Z,9,3454,3
192,2025-04-25T07:19:09Z,1,4897,1
197,2025-04-22T02:17:37Z,63,738,2
197,2025-04-25T07:27:29Z,97,4716,4
198,2025-04-03T11:32:54Z,51,1601,5
198,2025-04-24T14:53:47Z,92,1180,2
199,2025-04-05T20:32:01Z,36,2465,1
208,2025-04-17T17:32:48Z,8,4135,5
213,2025-04-13T04:14:57Z,25,3755,1
213,2025-04-23T00:42:56Z,82,4326,3
213,2025-04-29T04:01:53Z,68,433,3
215,2025-04-20T06:36:08Z,55,670,5
215,2025-04-14T10:12:07Z,65,200,1
215,2025-04-25T07:14:24Z,3,1450,3
218,2025-04-25T05:48:15Z,57,449,5
226,2025-04-27T03:22:43Z,13,3252,3
228,2025-04-25T00:47:39Z,1,2861,2
228,2025-04-11T18:23:54Z,73,375,1
229,2025-04-22T16:22:18Z,7,1117,3
232,2025-04-08T01:12:30Z,82,1380,1
232,2025-04-08T11:46:22Z,97,3613,2
236,2025-04-14T22:35:37Z,75,4412,5
239,2025-04-03T11:02:44Z,74,4901,5
239,2025-04-11T10:32:28Z,85,3807,4
240,2025-04-17T19:54:04Z,24,3298,3
240,2025-04-10T11:12:33Z,98,1300,1
240,2025-04-20T21:21:33Z,93,4481,3
242,2025-04-16T08:42:14Z,28,2746,1
242,2025-04-18T12:54:32Z,31,3832,5
245,2025-04-10T15:17:16Z,49,1461,5
245,2025-04-01T14:37:43Z,11,3444,4
245,2025-04-12T00:00:40Z,21,526,4
247,2025-04-02T09:43:04Z,4,4987,5
247,2025-04-18T19:41:02Z,54,2768,2
253,2025-04-22T10:46:07Z,28,2937,3
253,2025-04-26T14:02:04Z,68,2069,3
256,2025-04-28T06:16:56Z,40,4116,3
256,2025-04-21T15:30:35Z,2,3066,5
262,2025-04-20T20:29:52Z,86,1490,5
265,2025-04-21T13:41:44Z,93,2175,3
265,2025-04-13T03:02:52Z,36,1514,2
266,2025-04-12T12:35:47Z,6,4380,2
268,2025-04-16T05:45:31Z,20,2961,1
268,2025-04-16T02:57:30Z,68,1502,2
274,2025-04-27T05:36:41Z,51,668,1
277,2025-04-25T05:02:34Z,85,2152,2
277,2025-04-06T03:43:10Z,26,4741,5
278,2025-04-03T08:51:51Z,74,3449,5
280,2025-04-16T13:22:38Z,28,2671,4
280,2025-04-02T10:16:43Z,68,739,1
280,2025-04-17T12:40:55Z,97,4610,2
281,2025-04-10T18:09:24Z,38,433,2
285,2025-04-22T05:37:14Z,20,1263,5
285,2025-04-08T19:22:50Z,8,645,3
290,2025-04-14T10:05:31Z,71,4617,4
297,2025-04-26T10:49:26Z,80,3859,1
297,2025-04-16T06:23:46Z,53,3002,5
300,2025-04-25T03:03:37Z,31,2679,3
300,2025-04-06T04:20:22Z,50,686,3
300,2025-04-11T11:38:52Z,33,4792,2
301,2025-04-01T08:54:19Z,92,191,3
301,2025-04-06T06:01:25Z,22,4072,4
306,2025-04-24T13:38:03Z,3,578,3
306,2025-04-18T21:43:12Z,87,2833,4
306,2025-04-19T02:44:17Z,82,4788,3
314,2025-04-24T18:40:31Z,65,641,5
314,2025-04-05T21:07:34Z,1,184,4
330,2025-04-14T16:36:45Z,100,2737,3
330,2025-04-28T06:10:02Z,14,1602,1
330,2025-04-19T21:13:38Z,27,2424,5
331,2025-04-28T18:51:48Z,62,2184,2
331,2025-04-15T06:11:34Z,61,510,4
337,2025-04-25T14:07:49Z,86,4735,1
337,2025-04-24T09:25:57Z,38,4461,3
337,2025-04-09T04:22:27Z,46,836,4
340,2025-04-22T15:57:56Z,2,1562,1
340,2025-04-29T18:48:03Z,17,783,2
340,2025-04-15T18:05:45Z,12,4148,4
341,2025-04-10T05:51:43Z,3,204,3
341,2025-04-19T08:23:52Z,57,4479,3
342,2025-04-28T11:19:22Z,9,680,3
342,2025-04-14T11:33:07Z,8,3603,5
342,2025-04-26T02:53:22Z,54,2031,2
344,2025-04-04T15:23:58Z,43,438,4
349,2025-04-25T13:22:49Z,63,4682,2
350,2025-04-20T21:29:09Z,45,862,2
350,2025-04-12T04:25:17Z,83,1843,5
350,2025-04-04T23:18:13Z,17,1077,4
356,2025-04-04T21:41:50Z,67,4713,3
356,2025-04-10T05:46:51Z,10,2892,2
357,2025-04-16T02:30:34Z,70,2069,3
358,2025-04-19T10:54:31Z,15,4035,1
360,2025-04-02T06:27:39Z,57,2506,4
360,2025-04-01T14:49:27Z,52,2531,3
364,2025-04-13T14:15:30Z,57,396,2
369,2025-04-13T14:46:51Z,16,3635,4
369,2025-04-21T23:03:13Z,34,2651,5
372,2025-04-24T04:09:27Z,92,1508,4
372,2025-04-02T19:35:11Z,6,3173,5
373,2025-04-15T12:08:31Z,99,2249,2
373,2025-04-19T13:31:53Z,94,3868,4
373,2025-04-04T21:24:33Z,19,2556,5
374,2025-04-03T08:03:40Z,90,247,3
374,2025-04-09T22:39:35Z,62,4575,4
374,2025-04-02T05:16:11Z,67,849,1
375,2025-04-24T08:36:22Z,92,3637,2
375,2025-04-13T06:30:12Z,35,2678,3
378,2025-04-13T01:47:09Z,56,4699,1
381,2025-04-17T22:11:05Z,56,1435,3
385,2025-04-17T16:54:42Z,71,3754,3
390,2025-04-20T13:18:18Z,4,4518,1
392,2025-04-18T17:59:19Z,18,435,1
393,2025-04-10T19:40:29Z,91,4418,5
393,2025-04-03T02:14:13Z,45,4270,4
394,2025-04-03T16:32:15Z,60,2653,5
401,2025-04-19T05:55:45Z,100,4149,1
401,2025-04-28T10:06:27Z,10,4729,4
403,2025-04-27T04:36:09Z,93,3725,2
409,2025-04-25T08:25:04Z,29,1576,3
417,2025-04-12T20:03:46Z,100,1063,1
417,2025-04-18T02:46:43Z,69,2201,4
420,2025-04-26T07:01:09Z,69,4158,2
420,2025-04-12T15:20:03Z,29,418,3
420,2025-04-06T14:12:35Z,80,365,4
426,2025-04-15T23:35:56Z,93,3047,4
426,2025-04-11T19:01:33Z,88,4031,4
428,2025-04-12T07:34:46Z,34,326,2
428,2025-04-03T20:22:40Z,58,381,3
428,2025-04-24T08:20:43Z,94,4663,3
433,2025-04-17T14:49:00Z,3,803,3
433,2025-04-26T04:25:43Z,50,3391,4
434,2025-04-02T09:58:51Z,31,4250,5
434,2025-04-09T04:34:44Z,93,1881,2
442,2025-04-21T07:51:16Z,76,4515,1
445,2025-04-22T23:18:16Z,55,1735,2
445,2025-04-15T13:08:55Z,78,1202,1
445,2025-04-21T20:37:10Z,90,2939,2
448,2025-04-06T07:05:34Z,36,255,1
448,2025-04-23T04:55:26Z,92,2242,5
448,2025-04-23T17:10:34Z,65,1848,3
455,2025-04-04T17:32:48Z,82,723,4
455,2025-04-29T16:51:00Z,23,4392,3
455,2025-04-19T20:40:36Z,26,4203,1
460,2025-04-15T23:35:02Z,100,2176,4
460,2025-04-09T17:41:09Z,38,1983,2
466,2025-04-22T03:02:35Z,14,3703,2
466,2025-04-11T02:52:10Z,21,480,4
467,2025-04-26T10:48:55Z,85,2445,5
472,2025-04-10T10:29:53Z,16,3599,1
474,2025-04-24T14:57:29Z,17,2719,1
474,2025-04-19T11:50:59Z,69,3093,2
474,2025-04-11T09:00:53Z,57,949,2
475,2025-04-12T16:09:14Z,59,1925,2
475,2025-04-01T13:19:45Z,97,393,5
477,2025-04-25T18:10:52Z,94,4121,5
483,2025-04-14T05:09:58Z,74,264,1
483,2025-04-03T19:31:33Z,61,2392,2
483,2025-04-11T02:33:16Z,9,2941,3
487,2025-04-29T09:31:37Z,6,3639,1
487,2025-04-19T05:53:57Z,16,4201,3
487,2025-04-19T20:21:58Z,34,3798,3
489,2025-04-15T12:29:27Z,28,1705,2
489,2025-04-17T04:37:10Z,16,4553,1
491,2025-04-02T03:17:36Z,58,4219,5
491,2025-04-21T16:35:11Z,52,674,3
491,2025-04-05T10:28:04Z,38,3312,4
497,2025-04-25T17:58:33Z,81,1490,3
497,2025-04-05T23:48:07Z,41,3547,3
499,2025-04-27T01:47:25Z,8,1783,4
500,2025-04-17T06:28:34Z,13,4775,3
500,2025-04-03T18:47:36Z,69,3910,4
