Session ID,Timestamp,Item ID,Category
1,2025-04-04T15:14:05Z,27,3
1,2025-04-15T07:38:23Z,48,0
1,2025-04-11T22:21:45Z,16,S
1,2025-04-11T14:09:44Z,89,0
1,2025-04-01T08:46:59Z,29,3
2,2025-04-15T13:11:57Z,79,1
2,2025-04-05T19:22:05Z,80,S
2,2025-04-02T14:42:54Z,78,1
2,2025-04-01T21:20:07Z,48,3
2,2025-04-01T16:07:56Z,74,2
2,2025-04-15T19:21:39Z,89,2
2,2025-04-28T18:46:11Z,100,3
2,2025-04-02T14:05:17Z,70,2
2,2025-04-22T14:10:31Z,13,2
2,2025-04-14T04:04:57Z,99,3
3,2025-04-07T08:36:55Z,84,S
3,2025-04-21T07:13:04Z,92,0
3,2025-04-02T03:57:46Z,14,3
3,2025-04-19T19:52:02Z,23,S
3,2025-04-04T18:00:48Z,63,0
4,2025-04-06T05:53:16Z,31,3
4,2025-04-04T03:48:36Z,14,1
4,2025-04-19T02:46:09Z,41,3
4,2025-04-19T15:28:56Z,81,2
4,2025-04-20T11:36:03Z,30,3
4,2025-04-01T06:55:24Z,80,1
5,2025-04-12T23:10:15Z,7,S
5,2025-04-03T12:02:02Z,99,S
5,2025-04-26T03:50:03Z,55,1
5,2025-04-07T19:41:59Z,46,S
5,2025-04-17T14:57:46Z,63,1
5,2025-04-26T23:22:35Z,72,0
5,2025-04-12T06:12:20Z,47,1
5,2025-04-01T18:44:54Z,82,S
6,2025-04-02T06:57:12Z,60,S
6,2025-04-27T06:54:07Z,31,1
6,2025-04-14T02:07:42Z,33,2
6,2025-04-16T11:04:39Z,90,0
6,2025-04-27T03:11:16Z,13,1
6,2025-04-09T11:20:52Z,41,2
6,2025-04-26T04:10:46Z,21,2
7,2025-04-09T22:35:41Z,85,3
7,2025-04-23T07:57:16Z,90,1
7,2025-04-25T22:24:04Z,13,2
7,2025-04-21T18:36:33Z,78,3
7,2025-04-10T13:07:13Z,21,2
7,2025-04-07T17:54:21Z,77,0
7,2025-04-26T18:03:57Z,30,1
7,2025-04-24T03:36:44Z,83,0
7,2025-04-22T03:36:28Z,24,0
8,2025-04-25T22:55:47Z,34,S
8,2025-04-28T13:21:41Z,71,2
8,2025-04-02T11:02:02Z,11,1
8,2025-04-14T06:55:52Z,50,1
8,2025-04-28T05:10:42Z,96,S
8,2025-04-27T17:52:31Z,51,1
8,2025-04-05T00:39:33Z,10,2
9,2025-04-14T01:13:08Z,8,3
9,2025-04-24T03:07:38Z,58,1
9,2025-04-12T09:09:43Z,89,1
9,2025-04-29T05:27:49Z,19,S
9,2025-04-06T13:49:57Z,35,2
10,2025-04-23T17:48:49Z,40,1
10,2025-04-14T02:25:10Z,26,1
10,2025-04-19T18:13:50Z,10,S
10,2025-04-22T12:52:27Z,25,1
11,2025-04-14T02:24:45Z,26,3
11,2025-04-12T06:50:29Z,1,2
11,2025-04-06T06:34:19Z,95,3
11,2025-04-08T08:06:46Z,4,1
11,2025-04-13T10:22:49Z,43,1
11,2025-04-07T21:12:54Z,83,1
11,2025-04-02T07:29:19Z,24,S
11,2025-04-15T14:41:52Z,89,0
11,2025-04-09T20:39:23Z,98,S
12,2025-04-21T12:05:20Z,17,3
12,2025-04-18T14:07:03Z,95,1
12,2025-04-29T19:06:44Z,44,0
12,2025-04-14T17:51:37Z,73,3
13,2025-04-20T04:50:55Z,85,S
13,2025-04-17T00:40:00Z,16,S
13,2025-04-02T18:28:37Z,19,3
14,2025-04-17T20:53:56Z,64,S
14,2025-04-17T04:32:14Z,32,2
14,2025-04-25T19:09:03Z,51,2
15,2025-04-15T18:23:11Z,74,S
15,2025-04-13T19:27:46Z,43,3
15,2025-04-19T05:52:48Z,49,0
16,2025-04-05T02:07:06Z,32,1
16,2025-04-27T03:17:01Z,30,0
16,2025-04-23T17:30:42Z,80,3
16,2025-04-29T22:13:16Z,49,3
16,2025-04-21T07:57:12Z,22,1
17,2025-04-27T19:53:36Z,39,1
17,2025-04-21T23:08:13Z,14,3
17,2025-04-25T13:12:33Z,5,3
17,2025-04-19T16:14:45Z,19,3
17,2025-04-18T10:57:07Z,6,S
17,2025-04-05T14:08:55Z,61,2
17,2025-04-07T04:50:29Z,67,3
17,2025-04-08T04:22:25Z,56,3
18,2025-04-23T21:27:58Z,3,0
18,2025-04-02T15:28:59Z,13,S
18,2025-04-28T07:29:57Z,62,0
18,2025-04-18T19:13:43Z,72,1
18,2025-04-23T23:44:04Z,23,1
18,2025-04-16T16:49:10Z,68,1
18,2025-04-10T07:23:23Z,40,S
18,2025-04-16T08:45:17Z,79,S
18,2025-04-08T16:28:35Z,36,2
19,2025-04-03T11:32:29Z,36,2
19,2025-04-27T06:21:40Z,18,2
19,2025-04-19T14:36:29Z,93,2
19,2025-04-10T05:02:44Z,75,2
19,2025-04-12T06:32:52Z,56,0
19,2025-04-28T00:32:12Z,13,0
19,2025-04-26T11:19:34Z,98,2
19,2025-04-13T03:26:53Z,23,2
20,2025-04-10T19:43:10Z,83,3
20,2025-04-25T06:36:20Z,9,3
20,2025-04-15T22:56:24Z,79,2
20,2025-04-15T11:57:25Z,51,S
20,2025-04-16T08:13:58Z,84,S
21,2025-04-26T05:09:55Z,94,0
21,2025-04-24T03:20:44Z,95,0
21,2025-04-25T02:00:59Z,47,S
21,2025-04-03T17:32:42Z,48,1
21,2025-04-28T03:44:04Z,89,1
21,2025-04-06T02:11:37Z,71,2
21,2025-04-24T00:01:54Z,89,2
22,2025-04-12T08:11:24Z,46,0
22,2025-04-10T23:08:22Z,43,0
22,2025-04-28T07:15:07Z,22,0
23,2025-04-25T11:59:01Z,87,0
23,2025-04-13T18:31:33Z,7,3
23,2025-04-14T08:03:24Z,95,S
24,2025-04-02T05:48:51Z,47,1
24,2025-04-07T13:08:57Z,47,3
24,2025-04-23T09:27:22Z,22,2
24,2025-04-12T22:06:43Z,40,1
25,2025-04-04T07:29:34Z,47,S
25,2025-04-11T04:39:08Z,35,3
25,2025-04-05T08:40:14Z,44,0
25,2025-04-26T16:33:37Z,58,1
25,2025-04-18T04:37:20Z,39,1
26,2025-04-10T16:49:13Z,34,3
26,2025-04-01T12:37:42Z,16,2
26,2025-04-09T19:56:36Z,24,0
26,2025-04-23T05:38:02Z,1,0
26,2025-04-06T15:06:52Z,62,2
26,2025-04-22T05:07:32Z,10,2
26,2025-04-07T23:40:53Z,87,0
27,2025-04-12T11:08:58Z,17,0
27,2025-04-10T05:38:51Z,37,0
27,2025-04-15T04:39:22Z,83,S
27,2025-04-11T16:55:16Z,39,2
27,2025-04-06T18:13:42Z,64,2
27,2025-04-17T08:46:39Z,96,3
27,2025-04-04T18:03:07Z,7,S
28,2025-04-02T22:56:20Z,3,2
28,2025-04-05T11:09:09Z,72,2
28,2025-04-11T23:59:06Z,31,2
28,2025-04-17T02:19:53Z,47,0
28,2025-04-29T00:32:48Z,21,2
29,2025-04-26T06:17:24Z,74,1
29,2025-04-13T09:32:39Z,100,3
29,2025-04-17T14:36:57Z,93,3
29,2025-04-14T13:01:28Z,71,S
29,2025-04-26T02:42:13Z,95,S
29,2025-04-20T18:50:36Z,9,2
29,2025-04-13T00:39:02Z,5,3
29,2025-04-02T22:18:42Z,35,S
29,2025-04-26T10:09:54Z,20,2
29,2025-04-27T19:18:17Z,72,0
30,2025-04-26T02:37:28Z,18,3
30,2025-04-17T22:25:41Z,76,1
30,2025-04-02T22:58:02Z,13,0
30,2025-04-07T17:00:31Z,97,2
31,2025-04-27T11:18:06Z,62,S
31,2025-04-06T01:03:15Z,53,1
31,2025-04-03T04:47:55Z,11,3
31,2025-04-22T05:19:54Z,79,S
31,2025-04-03T23:16:55Z,90,S
31,2025-04-02T07:13:20Z,72,2
31,2025-04-29T09:29:50Z,66,S
31,2025-04-29T13:50:53Z,9,0
31,2025-04-08T19:25:39Z,12,0
31,2025-04-01T06:53:28Z,38,1
32,2025-04-16T23:30:48Z,93,3
32,2025-04-18T05:26:25Z,10,0
33,2025-04-12T04:48:21Z,79,0
33,2025-04-06T07:24:34Z,28,0
33,2025-04-17T16:44:07Z,75,1
34,2025-04-25T07:45:44Z,61,1
34,2025-04-14T13:04:12Z,2,3
34,2025-04-08T08:36:21Z,85,3
34,2025-04-25T13:49:14Z,13,0
34,2025-04-10T14:41:09Z,5,S
34,2025-04-21T14:20:52Z,71,S
34,2025-04-02T00:28:28Z,84,S
34,2025-04-09T23:04:09Z,68,3
34,2025-04-22T18:38:40Z,71,1
35,2025-04-02T22:44:52Z,38,S
35,2025-04-21T18:19:56Z,95,0
36,2025-04-16T13:40:00Z,93,3
36,2025-04-24T13:10:22Z,29,S
36,2025-04-01T19:15:08Z,4,S
36,2025-04-27T20:49:40Z,17,S
36,2025-04-14T17:58:32Z,78,S
37,2025-04-11T11:33:06Z,47,0
37,2025-04-21T10:14:23Z,80,S
37,2025-04-21T17:52:09Z,13,S
37,2025-04-05T17:29:56Z,76,S
37,2025-04-16T23:34:58Z,35,3
37,2025-04-11T21:22:19Z,66,0
37,2025-04-26T05:59:52Z,40,3
37,2025-04-17T10:21:28Z,82,0
37,2025-04-21T16:06:03Z,45,S
38,2025-04-10T17:03:25Z,2,2
38,2025-04-15T06:23:24Z,2,1
38,2025-04-11T01:07:34Z,66,S
38,2025-04-07T08:09:48Z,61,S
38,2025-04-15T18:22:17Z,53,2
38,2025-04-09T06:54:06Z,23,3
38,2025-04-11T19:45:10Z,96,S
39,2025-04-10T03:29:18Z,24,S
39,2025-04-26T09:06:00Z,17,1
39,2025-04-18T21:39:46Z,36,0
39,2025-04-16T01:26:36Z,21,3
39,2025-04-06T06:55:57Z,95,3
39,2025-04-06T13:08:19Z,85,3
39,2025-04-01T08:10:55Z,43,S
39,2025-04-07T18:18:20Z,1,0
40,2025-04-27T18:30:01Z,66,2
40,2025-04-28T21:05:28Z,66,3
40,2025-04-14T03:09:26Z,70,3
40,2025-04-13T14:58:28Z,85,2
40,2025-04-18T22:22:14Z,2,1
40,2025-04-06T00:40:06Z,53,2
41,2025-04-11T12:17:47Z,65,S
41,2025-04-03T17:06:36Z,84,2
41,2025-04-02T16:36:20Z,50,S
41,2025-04-11T06:55:25Z,93,1
42,2025-04-25T12:35:32Z,21,0
42,2025-04-28T21:43:30Z,72,3
42,2025-04-10T10:25:12Z,34,1
42,2025-04-14T13:09:04Z,4,0
43,2025-04-26T07:53:10Z,21,3
43,2025-04-23T14:45:52Z,28,3
43,2025-04-17T08:34:30Z,23,S
43,2025-04-18T15:57:51Z,65,2
43,2025-04-27T05:35:30Z,64,S
43,2025-04-13T12:13:12Z,33,1
43,2025-04-22T04:45:19Z,87,2
43,2025-04-17T05:05:47Z,6,2
43,2025-04-14T04:09:03Z,80,0
43,2025-04-29T14:49:47Z,29,3
44,2025-04-05T11:37:42Z,61,0
44,2025-04-06T20:05:01Z,5,S
44,2025-04-10T17:48:37Z,11,0
45,2025-04-23T13:20:15Z,16,1
45,2025-04-16T07:43:49Z,53,0
45,2025-04-02T12:09:23Z,79,3
45,2025-04-17T13:06:09Z,88,S
46,2025-04-20T01:12:09Z,39,0
46,2025-04-01T03:10:49Z,63,3
46,2025-04-14T13:51:21Z,16,2
46,2025-04-28T13:45:53Z,34,0
46,2025-04-15T04:55:28Z,93,3
46,2025-04-08T10:14:01Z,71,1
46,2025-04-09T10:00:45Z,74,3
47,2025-04-26T21:37:22Z,32,2
47,2025-04-04T04:39:58Z,34,2
47,2025-04-23T15:08:58Z,48,1
47,2025-04-17T07:17:46Z,85,3
47,2025-04-14T22:33:51Z,63,3
48,2025-04-24T18:19:23Z,58,S
48,2025-04-20T18:18:04Z,12,S
48,2025-04-25T23:27:54Z,8,1
48,2025-04-11T19:40:46Z,87,3
48,2025-04-18T22:17:20Z,85,3
48,2025-04-24T15:22:37Z,18,2
48,2025-04-10T21:36:03Z,81,3
48,2025-04-04T08:48:22Z,51,3
49,2025-04-17T12:15:59Z,5,S
49,2025-04-08T18:32:59Z,6,3
49,2025-04-06T03:54:28Z,5,S
49,2025-04-21T19:39:02Z,91,1
49,2025-04-22T23:26:50Z,91,1
49,2025-04-03T00:43:40Z,36,2
49,2025-04-21T07:10:48Z,47,2
50,2025-04-22T08:53:29Z,56,1
50,2025-04-18T00:44:01Z,20,0
51,2025-04-01T19:33:57Z,93,0
51,2025-04-04T04:43:20Z,61,2
52,2025-04-17T09:56:54Z,96,2
52,2025-04-11T12:45:50Z,36,0
52,2025-04-28T11:37:54Z,75,3
52,2025-04-17T21:39:47Z,16,1
52,2025-04-02T15:51:12Z,11,1
52,2025-04-08T21:19:35Z,58,0
52,2025-04-05T06:09:27Z,28,S
53,2025-04-08T20:50:41Z,21,0
53,2025-04-17T18:15:47Z,46,3
54,2025-04-15T22:49:27Z,52,3
54,2025-04-01T22:45:13Z,40,2
54,2025-04-21T05:17:28Z,19,1
54,2025-04-05T08:00:54Z,37,S
54,2025-04-26T05:09:25Z,5,2
54,2025-04-10T16:06:46Z,51,1
54,2025-04-01T19:17:55Z,82,3
54,2025-04-05T02:57:31Z,30,S
54,2025-04-11T15:28:31Z,15,0
54,2025-04-12T18:26:12Z,25,S
55,2025-04-25T04:28:36Z,28,2
55,2025-04-19T20:29:23Z,100,3
55,2025-04-20T02:04:20Z,62,3
55,2025-04-09T15:35:42Z,28,S
55,2025-04-20T22:39:06Z,20,0
55,2025-04-01T22:57:03Z,87,3
55,2025-04-24T08:09:00Z,85,0
55,2025-04-20T06:45:23Z,35,0
55,2025-04-14T12:40:16Z,68,S
55,2025-04-05T22:52:45Z,86,3
56,2025-04-26T22:21:05Z,62,S
56,2025-04-25T01:00:58Z,40,2
56,2025-04-01T17:31:17Z,31,3
56,2025-04-10T17:49:39Z,57,1
56,2025-04-28T11:31:02Z,90,3
57,2025-04-10T06:46:09Z,38,0
57,2025-04-22T13:56:47Z,66,0
57,2025-04-03T23:24:50Z,54,0
57,2025-04-05T22:47:16Z,37,0
57,2025-04-23T17:57:14Z,31,2
57,2025-04-27T05:12:55Z,93,3
57,2025-04-05T13:49:39Z,84,1
57,2025-04-05T04:06:02Z,24,2
58,2025-04-16T23:09:42Z,12,S
58,2025-04-05T06:24:00Z,82,S
58,2025-04-13T01:39:05Z,72,S
58,2025-04-13T18:15:51Z,70,1
58,2025-04-14T15:52:06Z,63,S
58,2025-04-09T21:57:43Z,33,1
59,2025-04-24T21:22:22Z,38,S
59,2025-04-16T18:17:02Z,33,2
59,2025-04-14T00:05:45Z,59,2
59,2025-04-16T22:13:04Z,90,1
59,2025-04-22T19:38:10Z,42,3
59,2025-04-06T10:05:38Z,91,3
59,2025-04-01T09:01:14Z,86,S
59,2025-04-07T23:06:25Z,90,1
60,2025-04-21T06:52:57Z,42,0
60,2025-04-23T17:45:20Z,97,2
60,2025-04-26T01:56:49Z,90,S
60,2025-04-09T04:15:38Z,60,0
60,2025-04-16T06:29:23Z,84,0
60,2025-04-21T22:58:44Z,15,2
60,2025-04-03T23:40:35Z,50,0
60,2025-04-20T22:45:37Z,96,2
60,2025-04-21T18:11:08Z,68,1
61,2025-04-26T13:17:15Z,77,0
61,2025-04-08T08:32:18Z,55,2
61,2025-04-11T19:53:06Z,7,1
61,2025-04-03T00:59:40Z,17,2
62,2025-04-21T18:29:26Z,22,S
62,2025-04-23T14:20:51Z,10,1
62,2025-04-23T02:23:27Z,31,1
62,2025-04-29T07:53:15Z,31,2
62,2025-04-27T17:40:15Z,93,3
62,2025-04-10T16:03:27Z,77,1
62,2025-04-12T12:48:21Z,93,S
63,2025-04-03T11:20:15Z,61,3
63,2025-04-06T13:06:08Z,42,0
63,2025-04-14T22:55:13Z,18,1
63,2025-04-09T02:14:54Z,72,1
63,2025-04-13T04:44:00Z,71,0
63,2025-04-19T17:38:58Z,57,1
63,2025-04-26T12:00:41Z,7,0
64,2025-04-06T21:40:01Z,11,2
64,2025-04-26T00:52:48Z,44,3
64,2025-04-13T12:43:51Z,38,2
64,2025-04-26T15:40:51Z,84,S
64,2025-04-28T15:50:43Z,13,1
64,2025-04-05T14:11:48Z,47,0
64,2025-04-20T07:44:41Z,28,S
64,2025-04-13T01:45:29Z,26,0
64,2025-04-25T09:45:53Z,47,3
65,2025-04-05T17:49:33Z,70,1
65,2025-04-05T14:56:45Z,17,S
65,2025-04-20T05:26:38Z,28,S
65,2025-04-22T21:35:17Z,61,1
65,2025-04-14T07:26:57Z,88,2
65,2025-04-23T03:03:37Z,57,S
65,2025-04-06T02:40:40Z,64,S
65,2025-04-14T04:47:59Z,35,3
65,2025-04-16T07:57:55Z,34,3
65,2025-04-12T12:21:33Z,61,1
66,2025-04-01T04:28:20Z,49,0
66,2025-04-12T01:56:48Z,75,2
67,2025-04-20T01:13:11Z,62,3
67,2025-04-01T22:32:38Z,56,0
67,2025-04-18T01:04:37Z,96,0
67,2025-04-02T09:26:16Z,9,2
67,2025-04-17T08:17:05Z,35,S
67,2025-04-23T02:09:29Z,27,0
67,2025-04-19T12:34:14Z,31,2
67,2025-04-21T13:36:03Z,69,0
68,2025-04-22T00:12:30Z,89,0
68,2025-04-09T20:34:39Z,75,1
68,2025-04-11T05:52:17Z,7,S
68,2025-04-15T21:47:59Z,100,0
68,2025-04-29T07:21:11Z,31,0
69,2025-04-28T02:29:23Z,83,3
69,2025-04-12T10:38:28Z,21,0
69,2025-04-25T06:29:45Z,79,0
69,2025-04-21T22:24:10Z,50,2
69,2025-04-11T08:35:18Z,43,1
69,2025-04-13T23:57:31Z,87,1
69,2025-04-28T22:09:07Z,93,0
69,2025-04-25T16:00:34Z,29,3
69,2025-04-29T12:37:45Z,87,S
69,2025-04-07T14:03:03Z,11,1
70,2025-04-28T18:23:45Z,81,2
70,2025-04-23T09:16:50Z,3,2
70,2025-04-20T06:56:57Z,19,S
70,2025-04-22T15:37:04Z,98,0
70,2025-04-08T00:23:37Z,12,1
70,2025-04-19T18:13:06Z,72,3
71,2025-04-27T17:35:05Z,73,2
71,2025-04-09T12:54:35Z,51,2
71,2025-04-07T03:51:21Z,42,2
71,2025-04-18T16:55:28Z,90,3
71,2025-04-19T04:58:46Z,12,3
71,2025-04-27T23:09:54Z,96,0
71,2025-04-10T16:50:44Z,59,1
71,2025-04-09T01:35:28Z,38,3
71,2025-04-12T00:45:04Z,89,3
71,2025-04-23T09:09:32Z,69,1
72,2025-04-23T02:19:25Z,25,0
72,2025-04-03T13:44:01Z,63,0
72,2025-04-12T02:43:28Z,54,2
73,2025-04-18T22:48:14Z,98,0
73,2025-04-22T02:21:27Z,48,1
73,2025-04-26T06:10:02Z,37,1
73,2025-04-26T22:24:19Z,50,0
73,2025-04-08T05:33:12Z,88,3
73,2025-04-17T10:45:04Z,33,S
73,2025-04-15T05:36:38Z,67,1
74,2025-04-05T00:38:40Z,62,3
74,2025-04-02T02:26:20Z,24,1
74,2025-04-16T16:32:31Z,74,3
75,2025-04-10T17:15:07Z,54,0
75,2025-04-07T23:41:27Z,57,0
76,2025-04-11T16:59:31Z,23,S
76,2025-04-17T06:21:16Z,30,S
76,2025-04-25T08:38:08Z,63,S
76,2025-04-27T05:55:26Z,75,2
76,2025-04-14T02:18:02Z,73,1
76,2025-04-14T04:14:02Z,71,3
76,2025-04-13T13:23:13Z,18,3
77,2025-04-06T22:21:34Z,23,1
77,2025-04-17T15:43:03Z,8,S
77,2025-04-03T19:42:03Z,67,2
77,2025-04-25T05:41:49Z,80,1
77,2025-04-01T02:50:29Z,92,2
77,2025-04-08T03:56:33Z,53,2
78,2025-04-09T02:13:14Z,17,0
78,2025-04-15T16:47:53Z,58,3
78,2025-04-18T19:22:41Z,51,1
78,2025-04-06T05:29:22Z,47,S
78,2025-04-06T11:23:04Z,54,S
78,2025-04-12T18:54:58Z,91,1
78,2025-04-23T07:55:20Z,17,3
78,2025-04-21T02:02:24Z,47,0
79,2025-04-16T18:34:58Z,74,0
79,2025-04-15T12:22:09Z,99,0
79,2025-04-18T12:45:07Z,51,2
79,2025-04-19T09:58:35Z,39,3
80,2025-04-13T18:51:25Z,80,0
80,2025-04-04T06:22:46Z,37,S
80,2025-04-21T00:29:12Z,45,S
81,2025-04-02T08:40:04Z,23,0
81,2025-04-23T06:18:19Z,58,0
82,2025-04-28T22:34:45Z,74,3
82,2025-04-20T09:14:33Z,18,3
83,2025-04-17T04:27:09Z,59,S
83,2025-04-05T00:39:52Z,59,2
83,2025-04-26T08:47:05Z,79,1
83,2025-04-16T20:04:41Z,28,1
83,2025-04-22T14:55:22Z,73,3
83,2025-04-01T05:28:18Z,83,0
84,2025-04-19T00:48:21Z,17,S
84,2025-04-10T13:54:10Z,2,S
84,2025-04-29T09:15:52Z,30,3
84,2025-04-27T19:22:02Z,46,0
84,2025-04-15T05:08:52Z,95,3
84,2025-04-15T09:38:19Z,38,S
84,2025-04-09T21:55:22Z,70,3
84,2025-04-21T16:08:33Z,66,1
84,2025-04-28T19:39:42Z,15,2
85,2025-04-10T11:24:52Z,94,S
85,2025-04-11T05:08:32Z,95,2
85,2025-04-21T22:16:08Z,60,0
86,2025-04-06T06:13:16Z,83,2
86,2025-04-18T16:06:22Z,52,S
86,2025-04-26T21:22:25Z,39,2
86,2025-04-02T02:05:00Z,50,2
86,2025-04-08T09:55:00Z,55,3
87,2025-04-11T03:55:22Z,59,3
87,2025-04-18T01:11:04Z,98,2
87,2025-04-17T12:56:26Z,80,2
87,2025-04-04T06:50:55Z,28,S
87,2025-04-18T09:03:22Z,47,3
87,2025-04-06T08:09:53Z,51,0
87,2025-04-20T11:21:54Z,88,2
87,2025-04-08T18:25:35Z,98,3
87,2025-04-03T03:53:01Z,3,1
88,2025-04-21T09:24:24Z,57,0
88,2025-04-08T14:59:14Z,75,1
88,2025-04-25T11:29:09Z,48,S
88,2025-04-20T10:57:25Z,23,1
88,2025-04-22T19:08:11Z,21,2
88,2025-04-21T21:52:37Z,54,3
88,2025-04-23T22:56:43Z,32,3
88,2025-04-18T11:42:51Z,2,2
88,2025-04-11T22:45:12Z,15,S
89,2025-04-29T07:58:23Z,34,2
89,2025-04-11T02:14:29Z,43,S
89,2025-04-12T20:37:44Z,64,S
89,2025-04-23T13:47:42Z,14,0
89,2025-04-07T16:13:05Z,96,0
89,2025-04-18T17:48:13Z,99,0
90,2025-04-23T06:58:58Z,87,2
90,2025-04-22T01:52:54Z,54,S
90,2025-04-17T03:07:54Z,2,1
90,2025-04-26T16:46:45Z,47,2
90,2025-04-02T17:03:20Z,21,2
90,2025-04-29T23:27:01Z,54,0
90,2025-04-02T14:11:39Z,49,2
90,2025-04-01T13:59:38Z,62,2
90,2025-04-21T03:21:32Z,13,1
91,2025-04-25T17:15:28Z,63,1
91,2025-04-05T21:37:53Z,57,0
91,2025-04-20T17:39:24Z,1,2
91,2025-04-17T19:41:05Z,56,3
91,2025-04-08T17:01:11Z,9,3
91,2025-04-23T10:18:09Z,7,S
92,2025-04-03T18:40:09Z,16,0
92,2025-04-13T03:21:07Z,24,0
92,2025-04-04T05:33:56Z,88,S
92,2025-04-12T00:44:22Z,53,0
92,2025-04-15T22:53:41Z,69,3
92,2025-04-27T15:46:01Z,6,1
93,2025-04-15T01:58:47Z,2,1
93,2025-04-15T04:11:52Z,94,2
93,2025-04-25T00:17:37Z,83,1
93,2025-04-02T23:21:26Z,57,2
93,2025-04-03T14:39:00Z,90,1
93,2025-04-02T01:13:18Z,25,1
93,2025-04-06T08:02:23Z,98,S
93,2025-04-28T19:22:56Z,78,1
93,2025-04-18T20:15:37Z,62,0
93,2025-04-11T08:27:38Z,73,S
94,2025-04-24T07:17:55Z,55,3
94,2025-04-12T15:48:57Z,58,1
94,2025-04-16T01:46:35Z,14,1
95,2025-04-26T20:31:43Z,47,2
95,2025-04-25T03:00:56Z,44,3
95,2025-04-10T19:02:01Z,38,S
95,2025-04-29T04:01:48Z,80,2
95,2025-04-03T13:22:46Z,61,0
95,2025-04-12T21:50:30Z,78,1
96,2025-04-04T23:56:46Z,1,S
96,2025-04-17T11:08:00Z,57,1
96,2025-04-06T22:49:36Z,53,2
96,2025-04-21T05:56:56Z,10,3
96,2025-04-25T03:23:32Z,59,0
97,2025-04-16T12:10:09Z,39,3
97,2025-04-07T16:32:21Z,10,0
97,2025-04-16T11:08:37Z,41,2
97,2025-04-03T12:44:56Z,71,1
97,2025-04-02T03:23:04Z,53,1
97,2025-04-15T18:56:11Z,39,3
97,2025-04-14T22:41:18Z,66,0
97,2025-04-20T04:26:22Z,95,S
97,2025-04-17T14:54:59Z,94,1
98,2025-04-03T18:57:55Z,92,3
98,2025-04-07T15:00:40Z,90,S
98,2025-04-10T15:55:51Z,47,2
98,2025-04-22T13:29:17Z,33,3
99,2025-04-02T09:49:07Z,53,2
99,2025-04-03T20:40:01Z,85,0
99,2025-04-05T03:50:30Z,88,2
99,2025-04-02T16:42:32Z,66,2
99,2025-04-13T12:36:12Z,58,0
100,2025-04-15T22:53:38Z,30,2
100,2025-04-28T07:29:03Z,44,1
100,2025-04-02T10:01:29Z,53,1
100,2025-04-17T02:11:15Z,6,3
100,2025-04-24T05:09:27Z,62,3
100,2025-04-09T14:45:00Z,27,0
100,2025-04-09T05:05:37Z,91,0
100,2025-04-23T23:13:38Z,73,0
100,2025-04-17T18:12:31Z,61,1
100,2025-04-08T11:43:50Z,61,0
101,2025-04-19T09:20:05Z,86,0
101,2025-04-12T23:23:23Z,5,S
101,2025-04-20T02:45:31Z,7,3
101,2025-04-17T13:56:27Z,13,3
101,2025-04-13T14:42:06Z,70,1
102,2025-04-15T12:36:04Z,89,3
102,2025-04-12T19:54:07Z,86,1
102,2025-04-02T14:04:51Z,68,3
102,2025-04-21T22:40:21Z,33,3
102,2025-04-22T14:42:49Z,31,2
102,2025-04-02T19:55:45Z,6,2
102,2025-04-24T11:08:34Z,25,S
102,2025-04-22T12:57:25Z,95,1
102,2025-04-23T22:01:47Z,85,3
103,2025-04-14T09:27:01Z,93,2
103,2025-04-12T21:22:18Z,7,0
103,2025-04-15T17:59:58Z,75,1
103,2025-04-27T15:35:44Z,58,1
103,2025-04-25T14:50:36Z,9,0
103,2025-04-08T09:59:56Z,32,3
104,2025-04-03T23:52:26Z,95,2
104,2025-04-08T05:36:52Z,31,3
104,2025-04-15T15:18:52Z,51,S
104,2025-04-19T02:03:32Z,59,1
104,2025-04-29T16:55:01Z,31,2
105,2025-04-01T16:40:45Z,9,1
105,2025-04-10T00:51:06Z,88,0
105,2025-04-21T16:43:07Z,2,0
105,2025-04-11T20:33:31Z,6,3
105,2025-04-24T09:25:00Z,87,2
105,2025-04-14T03:59:56Z,45,S
105,2025-04-16T08:29:02Z,13,2
105,2025-04-07T02:14:44Z,81,3
105,2025-04-06T17:54:09Z,37,2
105,2025-04-06T14:06:36Z,65,S
106,2025-04-05T12:57:19Z,3,1
106,2025-04-07T12:57:47Z,33,3
106,2025-04-06T20:37:31Z,8,S
107,2025-04-03T23:37:47Z,62,0
107,2025-04-12T15:54:17Z,18,2
107,2025-04-21T01:29:01Z,94,1
107,2025-04-21T14:39:04Z,90,3
107,2025-04-23T01:39:43Z,3,1
107,2025-04-17T00:18:06Z,37,S
107,2025-04-25T08:43:49Z,38,2
107,2025-04-17T12:22:26Z,37,S
107,2025-04-24T08:29:59Z,51,3
107,2025-04-21T20:28:56Z,79,1
108,2025-04-25T13:52:57Z,4,1
108,2025-04-07T09:26:53Z,18,3
108,2025-04-08T14:23:16Z,64,S
109,2025-04-29T20:13:45Z,96,2
109,2025-04-24T15:00:35Z,20,S
109,2025-04-01T03:22:25Z,37,S
109,2025-04-26T18:50:11Z,14,0
109,2025-04-08T11:02:40Z,59,3
109,2025-04-23T13:44:08Z,65,0
109,2025-04-19T08:53:26Z,25,0
109,2025-04-16T03:06:31Z,16,1
109,2025-04-14T10:10:13Z,70,S
109,2025-04-25T21:11:41Z,30,1
110,2025-04-15T12:16:47Z,18,3
110,2025-04-09T05:19:06Z,34,S
110,2025-04-18T19:53:15Z,87,S
110,2025-04-11T02:35:25Z,25,3
110,2025-04-24T04:35:18Z,53,3
110,2025-04-04T11:39:01Z,65,3
110,2025-04-06T06:14:23Z,2,S
111,2025-04-16T00:46:09Z,16,2
111,2025-04-13T06:29:38Z,98,S
111,2025-04-13T08:42:42Z,87,S
112,2025-04-27T19:41:28Z,26,2
112,2025-04-05T06:54:43Z,74,0
112,2025-04-02T12:42:13Z,56,3
112,2025-04-10T19:38:14Z,73,S
112,2025-04-05T21:22:14Z,57,S
112,2025-04-25T00:07:39Z,98,0
112,2025-04-15T18:36:45Z,31,S
112,2025-04-08T05:26:25Z,38,2
112,2025-04-10T16:32:49Z,64,S
112,2025-04-24T17:16:07Z,29,3
113,2025-04-26T04:57:14Z,14,1
113,2025-04-15T17:03:32Z,76,3
113,2025-04-03T00:22:28Z,36,0
113,2025-04-14T20:03:37Z,33,2
113,2025-04-16T19:04:12Z,92,S
113,2025-04-04T04:45:29Z,87,2
114,2025-04-05T14:39:52Z,26,3
114,2025-04-08T05:38:57Z,26,3
115,2025-04-13T02:03:14Z,16,S
115,2025-04-11T02:07:47Z,8,3
115,2025-04-14T00:42:57Z,81,2
115,2025-04-03T18:11:41Z,53,S
116,2025-04-06T02:28:09Z,40,S
116,2025-04-07T08:01:58Z,13,1
116,2025-04-09T16:00:30Z,13,0
116,2025-04-08T01:47:06Z,43,S
116,2025-04-20T22:35:13Z,33,3
116,2025-04-09T10:30:35Z,65,1
116,2025-04-25T15:21:40Z,65,3
116,2025-04-11T16:02:02Z,2,0
117,2025-04-19T07:54:21Z,52,3
117,2025-04-03T21:52:26Z,96,0
117,2025-04-12T17:54:04Z,36,S
117,2025-04-05T23:27:40Z,16,1
117,2025-04-11T20:22:59Z,72,2
117,2025-04-08T23:15:51Z,58,0
117,2025-04-12T02:28:31Z,11,3
118,2025-04-04T07:18:29Z,6,3
118,2025-04-07T15:22:22Z,72,2
118,2025-04-13T19:24:41Z,98,1
118,2025-04-17T07:07:01Z,49,0
118,2025-04-16T23:58:46Z,26,1
118,2025-04-06T10:32:15Z,97,2
119,2025-04-28T23:33:02Z,58,1
119,2025-04-07T23:47:48Z,60,S
119,2025-04-06T15:37:19Z,81,1
119,2025-04-25T20:44:12Z,30,S
119,2025-04-26T09:00:29Z,84,3
120,2025-04-17T04:36:24Z,95,S
120,2025-04-10T23:34:13Z,18,3
120,2025-04-02T10:27:45Z,53,2
120,2025-04-29T08:17:10Z,48,1
120,2025-04-06T10:12:34Z,17,1
120,2025-04-24T11:59:50Z,13,3
120,2025-04-09T12:42:48Z,16,S
120,2025-04-02T13:24:50Z,30,1
120,2025-04-05T03:41:12Z,79,3
120,2025-04-15T02:12:43Z,19,S
121,2025-04-16T14:45:43Z,24,1
121,2025-04-01T23:43:16Z,54,S
121,2025-04-12T16:55:40Z,29,2
121,2025-04-19T22:42:43Z,71,0
122,2025-04-19T04:55:33Z,87,0
122,2025-04-09T02:56:14Z,36,1
122,2025-04-27T08:05:56Z,78,0
122,2025-04-03T22:51:20Z,87,S
122,2025-04-02T00:15:52Z,86,S
123,2025-04-24T06:49:02Z,39,2
123,2025-04-06T16:42:37Z,7,1
123,2025-04-25T16:34:29Z,12,2
124,2025-04-10T16:48:39Z,52,3
124,2025-04-04T09:45:40Z,93,0
124,2025-04-08T02:55:50Z,71,S
124,2025-04-12T18:30:00Z,91,1
124,2025-04-11T22:04:52Z,43,1
124,2025-04-18T00:53:23Z,51,0
125,2025-04-23T07:31:49Z,61,S
125,2025-04-03T07:26:27Z,8,S
125,2025-04-27T22:11:43Z,70,3
125,2025-04-28T08:52:07Z,61,S
125,2025-04-06T09:57:48Z,33,2
125,2025-04-27T04:50:08Z,59,0
125,2025-04-06T06:58:29Z,57,3
125,2025-04-17T09:14:31Z,50,2
125,2025-04-02T14:51:03Z,25,3
126,2025-04-23T22:48:32Z,11,3
126,2025-04-28T11:10:48Z,81,2
126,2025-04-28T20:00:59Z,92,2
126,2025-04-03T06:34:30Z,18,2
126,2025-04-04T07:23:55Z,69,3
126,2025-04-07T17:41:51Z,18,0
127,2025-04-19T23:15:01Z,23,2
127,2025-04-05T07:48:22Z,29,3
128,2025-04-21T19:17:49Z,10,1
128,2025-04-12T20:12:03Z,63,S
128,2025-04-28T19:29:46Z,57,3
128,2025-04-04T11:50:31Z,14,1
128,2025-04-10T09:38:16Z,72,0
128,2025-04-01T16:19:36Z,97,1
129,2025-04-20T15:52:29Z,32,2
129,2025-04-22T03:52:57Z,44,0
129,2025-04-14T10:41:35Z,9,S
129,2025-04-05T11:46:27Z,80,2
129,2025-04-14T13:27:04Z,54,2
130,2025-04-19T02:25:06Z,60,0
130,2025-04-23T14:51:12Z,25,S
130,2025-04-12T01:01:19Z,90,3
130,2025-04-26T17:08:07Z,35,S
130,2025-04-14T14:54:04Z,35,2
130,2025-04-22T16:17:09Z,83,2
130,2025-04-04T22:35:01Z,85,S
131,2025-04-26T07:10:26Z,34,S
131,2025-04-11T15:10:01Z,66,3
131,2025-04-13T09:07:23Z,37,3
132,2025-04-19T11:17:54Z,50,0
132,2025-04-29T17:08:20Z,31,3
132,2025-04-15T16:53:41Z,63,2
132,2025-04-29T21:11:20Z,31,S
132,2025-04-08T16:52:39Z,26,3
132,2025-04-05T23:08:43Z,49,1
132,2025-04-06T04:38:54Z,6,3
132,2025-04-06T08:51:47Z,7,1
132,2025-04-09T03:38:30Z,21,1
133,2025-04-19T04:06:06Z,62,2
133,2025-04-13T04:43:46Z,3,0
133,2025-04-17T09:20:26Z,78,3
133,2025-04-25T07:04:33Z,85,3
133,2025-04-20T07:32:06Z,39,1
133,2025-04-17T08:16:57Z,9,0
133,2025-04-06T15:13:15Z,42,2
133,2025-04-22T01:46:42Z,56,0
133,2025-04-29T14:28:29Z,25,1
134,2025-04-01T18:35:46Z,16,S
134,2025-04-20T21:17:34Z,27,2
134,2025-04-21T15:12:40Z,75,3
134,2025-04-18T12:49:57Z,60,1
134,2025-04-19T20:13:03Z,29,2
134,2025-04-28T02:26:16Z,84,3
134,2025-04-11T14:14:38Z,62,0
134,2025-04-09T02:07:25Z,87,1
135,2025-04-09T13:33:13Z,3,S
135,2025-04-25T18:59:21Z,63,0
135,2025-04-07T21:27:16Z,77,0
135,2025-04-07T11:55:08Z,44,1
135,2025-04-04T20:26:35Z,96,S
135,2025-04-21T19:23:21Z,21,2
135,2025-04-11T06:37:19Z,38,3
136,2025-04-10T10:19:40Z,14,2
136,2025-04-06T22:04:56Z,11,0
136,2025-04-21T06:59:52Z,65,0
137,2025-04-15T20:14:29Z,69,S
137,2025-04-13T23:58:47Z,75,1
137,2025-04-13T05:06:05Z,38,0
138,2025-04-05T03:39:27Z,41,S
138,2025-04-29T10:11:35Z,6,S
138,2025-04-02T13:46:20Z,16,S
138,2025-04-07T19:14:06Z,13,3
138,2025-04-02T22:26:13Z,60,S
138,2025-04-14T09:24:59Z,23,3
138,2025-04-08T18:05:21Z,62,2
138,2025-04-27T21:36:38Z,28,3
138,2025-04-23T07:57:26Z,9,0
139,2025-04-23T05:29:08Z,97,3
139,2025-04-12T22:07:45Z,69,3
139,2025-04-04T08:09:27Z,42,2
139,2025-04-22T05:33:44Z,40,3
139,2025-04-24T08:57:43Z,15,2
139,2025-04-15T01:31:32Z,3,0
139,2025-04-15T22:31:44Z,96,2
139,2025-04-05T17:29:55Z,33,0
139,2025-04-05T12:54:03Z,75,0
140,2025-04-13T02:37:22Z,51,1
140,2025-04-22T23:12:42Z,60,0
140,2025-04-27T20:51:15Z,46,1
140,2025-04-27T13:24:35Z,14,1
140,2025-04-22T12:36:30Z,3,2
140,2025-04-18T13:34:17Z,100,0
141,2025-04-29T17:17:18Z,23,0
141,2025-04-16T11:03:05Z,2,2
141,2025-04-28T08:34:35Z,51,S
141,2025-04-22T05:20:33Z,100,1
141,2025-04-15T18:16:14Z,78,S
141,2025-04-20T17:37:39Z,35,3
141,2025-04-02T15:59:33Z,71,S
141,2025-04-18T22:43:25Z,63,S
142,2025-04-14T09:09:45Z,17,2
142,2025-04-27T22:14:23Z,14,1
142,2025-04-27T05:26:08Z,36,1
143,2025-04-04T00:32:13Z,98,2
143,2025-04-06T10:05:36Z,100,1
143,2025-04-19T17:26:21Z,29,S
144,2025-04-07T03:49:13Z,48,1
144,2025-04-02T05:26:59Z,6,0
145,2025-04-01T22:16:52Z,47,0
145,2025-04-16T05:49:03Z,86,3
145,2025-04-23T19:26:00Z,100,3
145,2025-04-02T20:07:57Z,91,3
145,2025-04-17T17:54:42Z,48,3
145,2025-04-20T08:17:42Z,14,S
145,2025-04-05T06:53:09Z,8,1
145,2025-04-08T14:59:53Z,83,0
146,2025-04-11T02:12:47Z,95,0
146,2025-04-23T01:28:25Z,62,3
146,2025-04-06T01:53:23Z,73,0
147,2025-04-17T17:00:48Z,57,0
147,2025-04-06T12:51:28Z,67,3
147,2025-04-20T18:46:00Z,92,2
147,2025-04-18T04:14:08Z,99,1
147,2025-04-07T13:28:43Z,7,3
147,2025-04-27T02:01:57Z,27,1
148,2025-04-23T15:19:20Z,52,1
148,2025-04-16T08:03:38Z,1,1
148,2025-04-15T22:47:11Z,82,1
148,2025-04-03T10:12:00Z,77,1
148,2025-04-12T20:50:18Z,76,2
148,2025-04-15T07:39:15Z,73,2
148,2025-04-01T04:30:31Z,60,S
148,2025-04-24T12:31:31Z,12,2
148,2025-04-15T21:25:56Z,27,1
148,2025-04-24T03:38:46Z,51,2
149,2025-04-28T11:49:08Z,42,1
149,2025-04-02T04:10:44Z,93,S
149,2025-04-10T23:40:00Z,70,1
149,2025-04-28T08:45:36Z,57,S
149,2025-04-05T18:37:38Z,49,S
149,2025-04-29T11:59:17Z,99,3
149,2025-04-05T04:29:25Z,99,1
149,2025-04-07T03:17:43Z,12,2
149,2025-04-25T15:39:08Z,42,1
149,2025-04-09T00:35:47Z,13,S
150,2025-04-03T02:10:57Z,78,2
150,2025-04-21T17:35:39Z,94,0
150,2025-04-02T02:27:11Z,61,0
150,2025-04-27T18:53:24Z,98,0
150,2025-04-23T11:58:45Z,93,0
150,2025-04-24T16:27:25Z,41,1
151,2025-04-22T14:29:40Z,57,1
151,2025-04-06T18:47:46Z,97,3
151,2025-04-13T19:01:42Z,29,3
151,2025-04-06T19:47:36Z,21,2
151,2025-04-21T07:21:50Z,22,0
151,2025-04-29T06:08:38Z,42,1
151,2025-04-02T07:42:21Z,81,0
151,2025-04-21T16:43:39Z,38,3
152,2025-04-18T13:25:02Z,55,1
152,2025-04-26T12:26:26Z,11,3
153,2025-04-06T10:52:42Z,91,1
153,2025-04-15T00:31:43Z,82,0
154,2025-04-24T03:13:17Z,84,0
154,2025-04-14T07:24:28Z,98,0
154,2025-04-16T08:26:32Z,43,1
154,2025-04-26T19:15:30Z,33,2
154,2025-04-06T19:49:49Z,41,3
154,2025-04-27T03:45:16Z,100,3
154,2025-04-29T07:12:23Z,16,1
154,2025-04-23T13:32:28Z,19,2
155,2025-04-17T23:24:42Z,68,3
155,2025-04-21T14:21:03Z,64,S
155,2025-04-25T18:51:23Z,2,1
155,2025-04-01T11:22:25Z,59,S
155,2025-04-06T17:43:41Z,54,1
155,2025-04-21T23:13:49Z,73,0
155,2025-04-26T21:06:28Z,33,1
155,2025-04-18T03:33:26Z,69,3
156,2025-04-20T19:27:16Z,4,0
156,2025-04-09T20:13:09Z,14,2
156,2025-04-12T13:42:08Z,90,S
156,2025-04-23T21:18:16Z,24,S
156,2025-04-09T04:52:13Z,2,0
156,2025-04-29T22:57:17Z,40,2
156,2025-04-09T09:49:42Z,45,0
156,2025-04-02T13:14:47Z,33,0
156,2025-04-26T23:44:10Z,51,1
156,2025-04-03T00:06:14Z,33,0
157,2025-04-28T17:48:26Z,5,1
157,2025-04-25T16:33:07Z,38,1
157,2025-04-20T00:22:48Z,23,S
157,2025-04-06T03:24:55Z,50,3
157,2025-04-16T06:46:11Z,35,3
157,2025-04-19T02:57:32Z,61,2
157,2025-04-13T02:58:41Z,12,S
157,2025-04-23T21:34:48Z,25,3
157,2025-04-29T03:56:51Z,82,3
158,2025-04-05T22:00:27Z,95,2
158,2025-04-17T08:02:06Z,14,1
159,2025-04-28T15:13:56Z,41,2
159,2025-04-10T17:22:27Z,84,1
159,2025-04-04T08:25:27Z,47,3
160,2025-04-28T03:36:21Z,64,S
160,2025-04-10T02:05:53Z,90,3
160,2025-04-11T10:37:53Z,70,0
161,2025-04-10T11:12:34Z,66,0
161,2025-04-29T20:58:56Z,26,S
161,2025-04-21T11:34:28Z,92,0
162,2025-04-03T04:38:44Z,16,S
162,2025-04-07T19:26:49Z,82,S
162,2025-04-05T09:39:32Z,55,3
163,2025-04-17T10:19:13Z,45,S
163,2025-04-12T14:21:49Z,43,0
163,2025-04-20T06:23:20Z,39,S
163,2025-04-24T19:50:57Z,31,3
163,2025-04-09T20:32:30Z,77,1
163,2025-04-27T15:42:22Z,83,2
163,2025-04-08T18:34:50Z,32,S
163,2025-04-16T04:31:11Z,13,0
163,2025-04-13T06:56:56Z,97,2
163,2025-04-12T10:25:02Z,85,0
164,2025-04-02T05:46:31Z,66,S
164,2025-04-13T19:07:03Z,34,3
164,2025-04-09T21:06:15Z,8,0
164,2025-04-17T18:04:27Z,1,2
164,2025-04-25T19:53:57Z,76,3
164,2025-04-19T09:59:17Z,28,S
164,2025-04-09T14:57:22Z,36,3
164,2025-04-14T12:42:27Z,27,1
164,2025-04-17T07:06:14Z,39,1
164,2025-04-11T12:05:40Z,31,2
165,2025-04-27T18:20:20Z,20,S
165,2025-04-28T14:58:08Z,47,2
165,2025-04-16T03:01:19Z,76,3
165,2025-04-06T18:12:04Z,77,1
166,2025-04-08T02:30:23Z,11,2
166,2025-04-26T03:47:50Z,42,0
166,2025-04-14T19:33:15Z,98,1
166,2025-04-02T05:46:27Z,58,1
166,2025-04-07T18:16:10Z,57,S
166,2025-04-02T13:57:19Z,86,3
166,2025-04-18T00:34:14Z,70,1
166,2025-04-04T18:09:54Z,49,1
167,2025-04-20T03:31:20Z,61,3
167,2025-04-11T11:25:36Z,26,0
167,2025-04-22T02:20:00Z,59,S
167,2025-04-02T19:04:51Z,3,1
167,2025-04-06T16:39:41Z,56,3
167,2025-04-28T02:30:38Z,9,3
167,2025-04-22T06:19:45Z,19,2
168,2025-04-28T08:06:15Z,6,3
168,2025-04-04T00:47:09Z,28,S
168,2025-04-29T17:28:55Z,17,2
168,2025-04-03T21:31:33Z,74,2
168,2025-04-20T11:14:38Z,11,3
168,2025-04-22T17:34:42Z,56,3
169,2025-04-28T17:54:22Z,16,S
169,2025-04-17T12:55:36Z,70,S
169,2025-04-06T16:16:02Z,78,S
169,2025-04-06T22:32:02Z,73,2
169,2025-04-04T02:15:23Z,17,3
169,2025-04-11T05:19:49Z,86,3
170,2025-04-26T23:56:50Z,4,1
170,2025-04-23T11:53:16Z,71,2
170,2025-04-04T16:26:21Z,17,3
170,2025-04-07T08:55:18Z,58,0
171,2025-04-26T12:30:41Z,1,3
171,2025-04-25T23:25:50Z,62,1
171,2025-04-01T11:28:07Z,28,0
171,2025-04-26T15:52:33Z,58,1
171,2025-04-11T13:45:17Z,12,2
171,2025-04-18T09:34:25Z,34,3
171,2025-04-07T07:26:32Z,56,0
171,2025-04-03T22:27:43Z,18,2
171,2025-04-17T18:54:19Z,66,0
172,2025-04-04T16:32:03Z,30,0
172,2025-04-03T18:06:41Z,89,0
172,2025-04-11T02:59:41Z,86,2
173,2025-04-19T18:09:34Z,57,0
173,2025-04-06T16:41:33Z,97,1
173,2025-04-02T04:07:56Z,45,1
173,2025-04-03T02:56:28Z,34,1
173,2025-04-11T10:25:38Z,100,0
173,2025-04-16T23:17:36Z,92,2
173,2025-04-12T16:20:27Z,7,1
174,2025-04-15T12:46:34Z,42,1
174,2025-04-03T12:24:46Z,93,S
174,2025-04-27T21:06:55Z,66,S
175,2025-04-16T12:13:30Z,7,0
175,2025-04-07T03:06:51Z,64,1
175,2025-04-14T16:14:11Z,39,1
176,2025-04-13T04:43:21Z,29,S
176,2025-04-14T19:28:42Z,43,3
176,2025-04-12T10:26:06Z,90,2
176,2025-04-20T22:50:20Z,30,1
176,2025-04-23T18:57:08Z,58,3
177,2025-04-06T02:22:06Z,66,3
177,2025-04-15T10:58:35Z,26,0
177,2025-04-09T05:23:04Z,85,0
177,2025-04-02T20:16:25Z,2,0
177,2025-04-12T15:18:13Z,84,0
177,2025-04-19T04:32:21Z,37,0
178,2025-04-15T20:30:50Z,19,S
178,2025-04-26T06:21:48Z,70,0
178,2025-04-14T17:42:43Z,13,0
179,2025-04-06T06:33:42Z,100,2
179,2025-04-06T14:12:15Z,96,2
179,2025-04-14T00:03:51Z,62,S
179,2025-04-22T17:19:14Z,40,3
179,2025-04-08T01:37:33Z,79,0
180,2025-04-10T14:08:35Z,28,3
180,2025-04-08T06:25:17Z,10,S
180,2025-04-20T15:39:52Z,30,S
181,2025-04-29T08:08:41Z,17,S
181,2025-04-17T04:04:17Z,100,0
181,2025-04-16T05:04:43Z,57,S
181,2025-04-26T13:38:35Z,87,3
181,2025-04-08T19:06:11Z,63,3
181,2025-04-06T09:19:35Z,76,1
181,2025-04-17T09:31:06Z,17,1
181,2025-04-16T04:18:19Z,43,0
181,2025-04-02T21:30:15Z,42,0
182,2025-04-11T02:13:05Z,31,0
182,2025-04-07T06:17:42Z,4,3
183,2025-04-20T20:10:22Z,6,S
183,2025-04-27T01:22:17Z,63,0
183,2025-04-06T14:46:16Z,40,2
183,2025-04-06T07:52:05Z,16,S
183,2025-04-12T19:14:02Z,38,S
183,2025-04-09T13:21:57Z,48,1
184,2025-04-26T09:02:14Z,72,1
184,2025-04-28T03:34:36Z,65,1
184,2025-04-02T06:31:43Z,6,0
184,2025-04-29T06:22:19Z,8,2
184,2025-04-11T14:31:59Z,62,2
184,2025-04-04T14:56:15Z,56,2
184,2025-04-25T06:24:57Z,18,S
184,2025-04-16T20:03:49Z,12,2
184,2025-04-01T07:41:46Z,42,3
184,2025-04-04T08:54:45Z,87,S
185,2025-04-11T21:02:05Z,1,1
185,2025-04-11T10:06:55Z,84,S
185,2025-04-28T10:06:59Z,87,3
186,2025-04-04T15:58:10Z,45,3
186,2025-04-28T03:21:52Z,70,2
186,2025-04-15T13:57:28Z,67,2
186,2025-04-17T06:43:38Z,70,1
186,2025-04-06T11:51:45Z,16,0
186,2025-04-25T07:04:11Z,29,1
186,2025-04-24T09:08:55Z,100,2
186,2025-04-14T17:00:03Z,56,1
186,2025-04-25T15:48:00Z,88,2
187,2025-04-24T04:12:00Z,80,0
187,2025-04-21T08:39:51Z,54,1
187,2025-04-21T11:01:48Z,33,0
187,2025-04-15T17:33:38Z,96,3
187,2025-04-26T21:51:28Z,82,S
187,2025-04-23T00:49:47Z,88,0
187,2025-04-11T23:55:10Z,33,0
187,2025-04-22T17:42:52Z,61,1
188,2025-04-25T17:20:29Z,10,3
188,2025-04-09T23:16:15Z,48,2
188,2025-04-05T20:50:29Z,11,2
188,2025-04-12T12:27:29Z,58,3
188,2025-04-21T09:13:58Z,72,3
188,2025-04-02T08:34:52Z,25,1
189,2025-04-04T13:10:16Z,9,S
189,2025-04-11T16:24:54Z,20,S
189,2025-04-17T15:22:07Z,14,2
189,2025-04-18T21:41:30Z,76,2
189,2025-04-05T23:09:32Z,86,1
189,2025-04-26T00:06:13Z,16,3
189,2025-04-07T19:06:06Z,14,2
190,2025-04-13T01:56:08Z,87,2
190,2025-04-08T05:26:02Z,4,S
190,2025-04-23T22:37:31Z,69,1
190,2025-04-15T03:20:31Z,69,1
190,2025-04-28T08:26:08Z,15,1
190,2025-04-25T04:16:17Z,4,1
190,2025-04-22T08:59:17Z,81,S
190,2025-04-14T14:36:48Z,33,S
190,2025-04-15T03:24:20Z,48,3
190,2025-04-20T06:49:12Z,59,1
191,2025-04-23T07:21:56Z,36,0
191,2025-04-08T16:34:17Z,26,S
191,2025-04-13T02:30:03Z,14,2
191,2025-04-19T04:24:04Z,20,S
191,2025-04-15T21:45:50Z,39,3
191,2025-04-27T18:19:45Z,56,3
191,2025-04-17T05:09:32Z,62,S
191,2025-04-25T00:04:33Z,45,2
191,2025-04-27T19:15:51Z,70,1
192,2025-04-19T07:03:30Z,63,0
192,2025-04-24T23:16:41Z,98,S
192,2025-04-24T17:15:16Z,1,0
192,2025-04-11T00:01:04Z,44,3
192,2025-04-02T14:00:09Z,9,0
192,2025-04-02T16:06:24Z,96,S
193,2025-04-02T09:16:10Z,34,0
193,2025-04-18T01:01:38Z,59,0
193,2025-04-03T05:54:49Z,23,0
193,2025-04-05T10:55:38Z,17,0
193,2025-04-24T04:56:27Z,92,3
194,2025-04-14T12:43:19Z,60,0
194,2025-04-16T13:07:44Z,76,1
194,2025-04-11T22:44:50Z,67,2
194,2025-04-28T05:23:30Z,14,2
194,2025-04-14T08:17:50Z,42,2
195,2025-04-24T10:44:49Z,9,1
195,2025-04-28T13:04:50Z,100,1
196,2025-04-11T06:31:09Z,1,0
196,2025-04-11T17:37:10Z,100,2
197,2025-04-06T13:34:57Z,53,0
197,2025-04-28T13:57:12Z,97,1
197,2025-04-20T01:07:24Z,63,3
197,2025-04-13T12:18:21Z,4,S
198,2025-04-01T06:54:49Z,92,3
198,2025-04-27T22:59:03Z,51,2
199,2025-04-23T11:49:43Z,94,2
199,2025-04-09T00:57:58Z,56,1
199,2025-04-21T08:55:59Z,40,1
199,2025-04-05T17:30:47Z,62,2
199,2025-04-06T03:35:06Z,1,S
199,2025-04-02T16:54:23Z,39,3
199,2025-04-28T08:23:19Z,65,3
199,2025-04-26T12:00:38Z,36,1
200,2025-04-02T07:58:56Z,57,3
200,2025-04-20T12:58:55Z,29,S
200,2025-04-28T01:46:09Z,47,3
200,2025-04-07T13:30:36Z,84,1
200,2025-04-17T09:42:18Z,30,3
201,2025-04-09T05:02:20Z,43,2
201,2025-04-03T23:52:32Z,98,2
201,2025-04-17T05:23:58Z,98,S
201,2025-04-21T08:49:33Z,14,1
201,2025-04-23T15:18:16Z,100,1
201,2025-04-25T00:01:07Z,29,S
201,2025-04-28T00:30:13Z,77,2
201,2025-04-20T14:34:34Z,85,3
201,2025-04-08T07:03:53Z,63,0
202,2025-04-15T00:54:22Z,75,0
202,2025-04-15T22:49:31Z,36,3
202,2025-04-26T20:40:56Z,25,0
202,2025-04-21T11:29:29Z,95,1
203,2025-04-16T12:35:28Z,24,S
203,2025-04-26T20:42:24Z,98,3
203,2025-04-03T16:58:35Z,46,1
203,2025-04-22T09:55:59Z,44,1
203,2025-04-29T07:08:47Z,27,3
203,2025-04-08T16:14:20Z,25,2
203,2025-04-22T19:19:49Z,65,2
204,2025-04-17T11:34:45Z,65,S
204,2025-04-21T19:00:24Z,40,0
204,2025-04-24T12:13:21Z,75,3
204,2025-04-24T16:47:40Z,100,0
204,2025-04-14T12:43:42Z,44,0
204,2025-04-18T21:09:05Z,79,S
204,2025-04-04T16:11:47Z,70,1
204,2025-04-10T07:56:18Z,96,2
204,2025-04-22T13:13:09Z,71,1
204,2025-04-06T12:56:32Z,97,3
205,2025-04-14T17:56:26Z,73,1
205,2025-04-14T22:16:31Z,70,S
205,2025-04-11T11:26:02Z,80,1
205,2025-04-10T08:24:35Z,37,0
205,2025-04-10T04:49:03Z,3,2
205,2025-04-29T10:19:07Z,16,0
205,2025-04-19T22:08:06Z,82,S
205,2025-04-08T05:21:27Z,89,1
205,2025-04-03T01:19:41Z,22,2
206,2025-04-27T01:25:14Z,26,S
206,2025-04-29T03:30:30Z,37,S
206,2025-04-14T22:46:56Z,17,S
206,2025-04-21T19:57:20Z,53,S
206,2025-04-01T12:31:22Z,44,2
206,2025-04-12T05:09:43Z,77,0
206,2025-04-14T09:30:22Z,58,3
206,2025-04-20T19:18:13Z,77,3
206,2025-04-14T11:05:15Z,80,S
207,2025-04-06T10:48:56Z,86,0
207,2025-04-16T01:40:17Z,93,3
207,2025-04-18T20:03:03Z,54,1
207,2025-04-21T00:08:55Z,60,0
207,2025-04-22T09:20:21Z,72,S
208,2025-04-18T16:10:04Z,27,2
208,2025-04-18T18:25:51Z,48,S
208,2025-04-29T00:20:00Z,97,S
208,2025-04-12T02:05:10Z,21,3
208,2025-04-16T04:45:14Z,85,2
208,2025-04-11T02:21:19Z,6,0
208,2025-04-21T05:20:16Z,8,S
208,2025-04-22T08:53:24Z,42,3
208,2025-04-22T22:06:47Z,60,1
209,2025-04-04T00:52:23Z,25,1
209,2025-04-25T06:44:14Z,96,S
210,2025-04-09T07:07:27Z,69,0
210,2025-04-18T10:05:39Z,4,S
210,2025-04-06T17:19:49Z,10,2
210,2025-04-07T04:54:41Z,18,S
211,2025-04-06T08:09:07Z,23,3
211,2025-04-12T21:56:25Z,79,3
212,2025-04-11T04:13:39Z,100,3
212,2025-04-05T05:27:31Z,81,2
212,2025-04-21T14:53:58Z,68,2
212,2025-04-10T16:19:23Z,73,3
212,2025-04-03T01:15:00Z,9,2
212,2025-04-09T23:59:03Z,24,1
212,2025-04-08T07:10:03Z,22,1
212,2025-04-01T10:22:40Z,88,2
212,2025-04-23T18:38:42Z,44,0
212,2025-04-19T16:49:57Z,28,2
213,2025-04-16T04:40:57Z,3,1
213,2025-04-12T04:23:12Z,56,0
213,2025-04-29T17:41:56Z,68,0
213,2025-04-23T02:13:03Z,28,2
213,2025-04-29T22:56:50Z,37,3
213,2025-04-28T22:19:46Z,81,3
213,2025-04-17T14:32:35Z,85,S
213,2025-04-19T01:09:30Z,9,3
213,2025-04-02T17:52:18Z,25,3
213,2025-04-09T14:06:16Z,82,S
214,2025-04-12T09:09:49Z,84,2
214,2025-04-15T18:52:22Z,87,S
214,2025-04-01T10:35:29Z,81,2
214,2025-04-27T19:01:37Z,18,3
214,2025-04-06T01:45:47Z,12,3
214,2025-04-16T16:36:25Z,33,1
215,2025-04-27T17:19:07Z,83,1
215,2025-04-05T12:12:10Z,55,2
215,2025-04-14T11:31:29Z,3,1
215,2025-04-04T09:36:36Z,77,1
215,2025-04-27T01:22:16Z,65,1
215,2025-04-29T20:13:06Z,30,S
215,2025-04-13T08:58:29Z,34,S
216,2025-04-21T15:40:40Z,84,1
216,2025-04-09T17:13:41Z,96,3
216,2025-04-21T04:43:46Z,12,S
216,2025-04-16T08:04:38Z,28,0
217,2025-04-12T09:55:54Z,67,3
217,2025-04-09T21:53:19Z,71,S
217,2025-04-09T02:22:54Z,81,1
217,2025-04-11T15:29:38Z,57,S
217,2025-04-14T23:11:00Z,52,3
217,2025-04-24T17:09:38Z,30,3
217,2025-04-02T03:01:18Z,98,1
218,2025-04-06T22:05:39Z,69,3
218,2025-04-25T16:34:43Z,57,3
218,2025-04-23T04:35:59Z,4,S
219,2025-04-25T22:49:35Z,74,3
219,2025-04-01T03:15:45Z,72,S
219,2025-04-21T09:11:08Z,20,0
219,2025-04-04T04:12:40Z,38,0
219,2025-04-14T12:12:40Z,55,S
219,2025-04-15T20:20:46Z,28,3
219,2025-04-14T09:53:03Z,13,3
219,2025-04-05T16:56:16Z,56,0
219,2025-04-16T20:54:52Z,48,S
220,2025-04-03T07:42:57Z,41,S
220,2025-04-04T19:10:35Z,82,1
220,2025-04-25T10:24:06Z,90,S
220,2025-04-14T23:49:27Z,33,2
220,2025-04-13T20:20:50Z,67,3
221,2025-04-28T21:29:29Z,54,S
221,2025-04-18T18:48:32Z,92,1
221,2025-04-15T23:17:04Z,47,3
221,2025-04-07T01:45:25Z,59,S
221,2025-04-21T10:35:28Z,47,3
221,2025-04-02T04:43:54Z,98,0
222,2025-04-22T06:58:41Z,88,2
222,2025-04-14T18:14:52Z,16,3
222,2025-04-29T03:00:27Z,21,0
222,2025-04-23T06:31:32Z,84,3
222,2025-04-24T14:20:26Z,98,3
222,2025-04-29T17:08:18Z,33,1
223,2025-04-17T09:29:23Z,6,2
223,2025-04-25T02:28:13Z,65,1
223,2025-04-29T00:13:43Z,26,3
223,2025-04-08T17:05:54Z,68,0
224,2025-04-10T17:05:26Z,40,3
224,2025-04-24T22:52:42Z,65,2
224,2025-04-26T08:26:22Z,98,2
224,2025-04-20T00:38:49Z,100,3
224,2025-04-27T04:58:29Z,22,3
224,2025-04-14T05:18:53Z,93,S
224,2025-04-17T05:03:35Z,19,1
224,2025-04-26T08:57:11Z,92,S
225,2025-04-18T20:08:13Z,60,0
225,2025-04-09T09:29:27Z,76,0
225,2025-04-22T20:26:00Z,6,2
225,2025-04-15T15:38:30Z,75,1
225,2025-04-18T03:22:43Z,64,3
225,2025-04-23T02:14:44Z,9,S
225,2025-04-24T01:35:50Z,74,3
225,2025-04-01T15:23:30Z,81,2
226,2025-04-27T21:15:24Z,13,S
226,2025-04-06T19:05:47Z,77,1
226,2025-04-25T20:53:23Z,76,3
226,2025-04-03T00:32:24Z,3,2
226,2025-04-07T04:49:12Z,45,0
227,2025-04-27T09:22:06Z,38,1
227,2025-04-11T03:05:06Z,92,3
227,2025-04-04T19:20:45Z,71,S
227,2025-04-23T15:22:03Z,11,2
227,2025-04-22T00:06:42Z,29,3
227,2025-04-10T04:01:48Z,79,S
227,2025-04-04T19:07:17Z,27,3
227,2025-04-18T10:26:36Z,22,3
227,2025-04-26T02:59:58Z,60,1
228,2025-04-12T05:06:09Z,76,2
228,2025-04-04T09:04:40Z,73,2
228,2025-04-20T07:22:52Z,35,2
228,2025-04-20T07:05:34Z,3,1
228,2025-04-07T21:49:01Z,90,0
228,2025-04-07T04:55:21Z,1,2
228,2025-04-27T06:37:43Z,44,2
229,2025-04-04T05:36:07Z,34,2
229,2025-04-09T10:47:31Z,7,1
229,2025-04-06T10:03:34Z,43,S
229,2025-04-22T15:23:07Z,54,2
229,2025-04-29T10:07:14Z,16,2
230,2025-04-05T21:20:35Z,29,0
230,2025-04-04T19:05:42Z,14,3
230,2025-04-27T01:19:19Z,85,3
230,2025-04-12T14:03:53Z,53,1
230,2025-04-12T22:30:41Z,27,S
230,2025-04-19T12:51:59Z,26,3
230,2025-04-12T08:55:40Z,76,3
230,2025-04-20T06:00:53Z,2,0
230,2025-04-24T21:30:27Z,51,3
230,2025-04-04T09:05:25Z,16,2
231,2025-04-18T06:16:03Z,58,1
231,2025-04-09T17:39:51Z,28,3
231,2025-04-19T03:32:12Z,65,S
231,2025-04-15T22:29:52Z,53,0
231,2025-04-17T03:22:28Z,90,1
231,2025-04-20T11:27:39Z,30,2
232,2025-04-07T06:58:59Z,97,1
232,2025-04-05T03:42:44Z,71,2
232,2025-04-08T20:03:53Z,82,S
233,2025-04-25T03:48:05Z,7,2
233,2025-04-10T02:17:07Z,90,3
233,2025-04-06T15:30:02Z,67,S
233,2025-04-27T05:31:16Z,97,0
233,2025-04-01T00:47:47Z,16,S
233,2025-04-23T00:47:43Z,90,3
233,2025-04-17T20:33:03Z,71,S
234,2025-04-07T23:21:09Z,38,S
234,2025-04-22T16:03:02Z,100,2
235,2025-04-25T22:38:18Z,81,0
235,2025-04-08T17:13:04Z,27,3
235,2025-04-01T15:40:57Z,97,0
236,2025-04-27T20:44:43Z,24,S
236,2025-04-01T03:25:49Z,55,2
236,2025-04-16T03:51:07Z,90,0
236,2025-04-18T02:18:24Z,75,S
236,2025-04-10T08:44:45Z,45,S
236,2025-04-17T21:00:21Z,91,2
236,2025-04-07T12:25:35Z,41,S
236,2025-04-03T11:44:05Z,56,2
236,2025-04-10T01:30:52Z,68,1
237,2025-04-04T05:30:32Z,52,3
237,2025-04-19T17:52:17Z,16,2
237,2025-04-17T13:03:02Z,11,S
237,2025-04-24T22:10:12Z,41,2
238,2025-04-26T13:42:50Z,50,1
238,2025-04-10T21:23:54Z,15,2
238,2025-04-24T09:41:40Z,32,2
238,2025-04-13T15:21:22Z,36,3
238,2025-04-04T17:16:53Z,99,0
238,2025-04-25T03:33:37Z,34,0
238,2025-04-22T21:02:31Z,33,2
238,2025-04-29T12:38:05Z,25,2
238,2025-04-22T10:32:32Z,43,2
239,2025-04-21T01:31:37Z,50,S
239,2025-04-24T12:50:30Z,46,S
239,2025-04-01T16:06:36Z,74,1
239,2025-04-17T22:38:10Z,11,S
239,2025-04-26T08:10:24Z,85,3
239,2025-04-23T12:59:06Z,71,2
240,2025-04-13T13:14:49Z,37,1
240,2025-04-08T17:20:08Z,24,0
240,2025-04-14T20:34:13Z,87,S
240,2025-04-02T02:27:13Z,93,3
240,2025-04-28T16:32:09Z,61,1
240,2025-04-09T04:56:12Z,98,0
241,2025-04-15T19:55:38Z,38,1
241,2025-04-19T07:17:14Z,55,3
241,2025-04-12T06:17:28Z,24,3
242,2025-04-25T07:35:11Z,31,1
242,2025-04-07T02:23:42Z,88,1
242,2025-04-07T05:49:58Z,28,3
242,2025-04-26T03:09:50Z,100,2
242,2025-04-23T00:26:00Z,51,2
243,2025-04-04T08:20:02Z,5,2
243,2025-04-07T02:12:34Z,44,0
243,2025-04-13T21:48:10Z,14,0
243,2025-04-17T21:42:03Z,58,3
243,2025-04-05T12:16:18Z,56,1
244,2025-04-28T20:11:24Z,3,S
244,2025-04-20T01:12:04Z,55,3
244,2025-04-07T08:29:56Z,68,3
244,2025-04-23T13:21:24Z,68,3
244,2025-04-08T07:55:25Z,81,S
245,2025-04-28T23:58:57Z,27,3
245,2025-04-08T02:27:06Z,21,0
245,2025-04-27T07:20:40Z,79,1
245,2025-04-07T12:48:51Z,11,2
245,2025-04-27T15:14:11Z,43,2
245,2025-04-22T21:08:30Z,35,S
245,2025-04-06T18:25:24Z,7,2
245,2025-04-25T05:11:46Z,49,S
245,2025-04-10T13:38:21Z,33,2
246,2025-04-12T17:40:36Z,54,3
246,2025-04-17T10:48:57Z,68,2
246,2025-04-16T13:49:06Z,21,0
246,2025-04-08T01:53:48Z,75,0
246,2025-04-24T10:50:38Z,29,1
246,2025-04-24T04:39:27Z,98,3
246,2025-04-24T08:11:05Z,60,3
246,2025-04-06T21:31:04Z,9,1
247,2025-04-04T08:22:40Z,88,1
247,2025-04-11T18:53:11Z,100,0
247,2025-04-29T05:08:18Z,43,2
247,2025-04-06T17:13:21Z,54,0
247,2025-04-12T19:35:58Z,26,0
247,2025-04-26T11:29:47Z,4,1
247,2025-04-25T20:37:45Z,81,0
247,2025-04-12T12:35:15Z,38,S
248,2025-04-29T09:15:14Z,33,3
248,2025-04-27T06:53:57Z,62,3
248,2025-04-07T04:52:55Z,35,1
248,2025-04-09T16:38:17Z,99,1
248,2025-04-04T11:39:33Z,91,2
248,2025-04-11T20:35:50Z,84,S
248,2025-04-05T11:12:03Z,52,0
248,2025-04-29T04:41:45Z,78,1
248,2025-04-12T19:54:41Z,31,3
248,2025-04-21T01:40:31Z,36,2
249,2025-04-19T07:36:17Z,88,1
249,2025-04-01T11:18:08Z,61,0
249,2025-04-03T16:25:34Z,27,2
249,2025-04-22T00:26:20Z,73,2
249,2025-04-29T04:03:34Z,74,3
249,2025-04-22T09:47:46Z,60,1
250,2025-04-03T01:18:51Z,48,3
250,2025-04-19T11:38:46Z,34,0
250,2025-04-10T23:45:09Z,35,S
250,2025-04-17T10:17:23Z,23,0
250,2025-04-26T20:47:29Z,39,3
251,2025-04-05T13:05:47Z,96,2
251,2025-04-13T22:43:25Z,10,1
251,2025-04-07T18:24:51Z,6,3
251,2025-04-19T06:17:25Z,59,S
251,2025-04-20T08:56:56Z,38,1
251,2025-04-15T09:32:32Z,47,1
251,2025-04-28T13:57:56Z,87,2
252,2025-04-02T23:53:07Z,57,2
252,2025-04-01T08:54:23Z,51,S
252,2025-04-06T04:16:58Z,45,1
252,2025-04-22T04:58:09Z,22,2
252,2025-04-29T13:15:52Z,72,1
252,2025-04-25T08:45:01Z,36,3
252,2025-04-17T03:09:58Z,67,2
252,2025-04-05T00:49:22Z,56,3
253,2025-04-14T14:59:33Z,45,S
253,2025-04-16T03:45:24Z,49,1
253,2025-04-24T06:18:07Z,28,S
253,2025-04-28T21:09:18Z,54,0
253,2025-04-24T16:19:17Z,70,1
253,2025-04-09T15:25:02Z,68,S
253,2025-04-15T05:48:22Z,96,2
253,2025-04-01T03:19:35Z,78,S
254,2025-04-22T12:09:34Z,48,0
254,2025-04-26T13:12:46Z,99,0
254,2025-04-12T08:22:30Z,64,1
254,2025-04-17T13:56:12Z,10,2
254,2025-04-29T02:48:35Z,40,1
254,2025-04-19T01:48:07Z,89,2
254,2025-04-11T11:27:02Z,53,1
254,2025-04-24T14:20:05Z,90,2
254,2025-04-12T18:28:19Z,11,0
255,2025-04-23T06:14:05Z,66,3
255,2025-04-04T04:39:37Z,97,S
255,2025-04-03T06:11:01Z,72,S
255,2025-04-18T22:55:37Z,38,3
256,2025-04-19T09:28:11Z,12,2
256,2025-04-12T17:19:24Z,44,S
256,2025-04-04T08:19:54Z,100,3
256,2025-04-20T09:55:34Z,7,S
256,2025-04-02T14:17:41Z,58,0
256,2025-04-16T01:40:56Z,64,1
256,2025-04-24T14:16:49Z,40,2
256,2025-04-29T23:46:10Z,2,1
256,2025-04-06T19:34:34Z,34,2
256,2025-04-06T09:17:13Z,92,S
257,2025-04-19T04:59:42Z,79,2
257,2025-04-02T09:33:03Z,85,2
258,2025-04-27T17:30:42Z,95,2
258,2025-04-17T00:43:22Z,8,S
258,2025-04-20T04:09:57Z,19,S
258,2025-04-29T17:58:56Z,45,2
258,2025-04-11T05:16:48Z,31,1
258,2025-04-28T11:19:18Z,90,0
258,2025-04-23T18:28:46Z,43,S
258,2025-04-12T21:02:48Z,2,2
258,2025-04-15T05:36:28Z,54,3
258,2025-04-07T03:31:36Z,86,2
259,2025-04-02T23:07:16Z,49,2
259,2025-04-09T16:49:52Z,20,3
259,2025-04-21T15:23:30Z,44,2
259,2025-04-02T05:21:03Z,53,S
259,2025-04-06T16:15:16Z,13,S
259,2025-04-02T10:28:13Z,50,2
260,2025-04-20T22:58:11Z,47,1
260,2025-04-24T18:45:52Z,81,0
261,2025-04-19T19:37:55Z,74,2
261,2025-04-24T22:09:56Z,43,S
261,2025-04-05T19:45:50Z,10,1
261,2025-04-11T16:36:26Z,45,3
261,2025-04-21T23:38:47Z,90,0
261,2025-04-23T11:50:01Z,76,0
262,2025-04-17T22:25:14Z,25,3
262,2025-04-26T05:22:27Z,86,1
262,2025-04-26T05:16:15Z,8,1
262,2025-04-21T08:16:15Z,7,3
263,2025-04-18T02:34:49Z,94,2
263,2025-04-04T20:56:28Z,1,S
263,2025-04-01T22:53:48Z,50,1
263,2025-04-29T01:56:10Z,80,0
264,2025-04-29T17:59:33Z,72,1
264,2025-04-06T20:07:49Z,36,0
264,2025-04-03T05:23:06Z,31,1
264,2025-04-29T00:08:27Z,76,2
264,2025-04-15T12:37:11Z,33,3
264,2025-04-01T14:30:11Z,9,2
264,2025-04-28T10:06:09Z,90,S
264,2025-04-14T07:31:36Z,9,S
264,2025-04-27T23:38:50Z,37,1
265,2025-04-12T13:43:06Z,93,0
265,2025-04-16T09:47:36Z,36,1
266,2025-04-13T18:19:09Z,13,3
266,2025-04-28T23:19:51Z,9,2
266,2025-04-24T06:10:29Z,39,2
266,2025-04-17T12:54:48Z,43,3
266,2025-04-19T16:04:08Z,67,0
266,2025-04-07T03:24:03Z,6,3
267,2025-04-23T08:41:56Z,81,0
267,2025-04-15T02:12:29Z,50,1
267,2025-04-12T09:33:32Z,90,2
267,2025-04-07T02:54:38Z,88,0
267,2025-04-07T08:52:15Z,94,2
268,2025-04-15T22:58:09Z,68,3
268,2025-04-18T22:47:40Z,95,3
268,2025-04-17T12:28:25Z,7,S
268,2025-04-20T10:38:20Z,79,S
268,2025-04-20T23:01:56Z,45,1
268,2025-04-03T10:17:06Z,7,1
268,2025-04-01T03:18:15Z,92,1
268,2025-04-22T14:48:56Z,86,1
268,2025-04-02T03:42:15Z,20,3
268,2025-04-21T16:19:36Z,1,2
269,2025-04-01T15:27:33Z,10,2
269,2025-04-16T22:02:21Z,69,0
269,2025-04-03T18:21:20Z,76,S
269,2025-04-23T11:47:25Z,83,0
270,2025-04-20T23:41:35Z,54,2
270,2025-04-13T10:09:11Z,78,2
270,2025-04-07T16:48:50Z,51,1
270,2025-04-04T19:07:28Z,10,2
270,2025-04-15T16:28:15Z,52,S
270,2025-04-12T09:37:47Z,85,1
270,2025-04-08T00:35:43Z,30,1
271,2025-04-08T03:53:40Z,43,3
271,2025-04-24T05:08:53Z,36,S
271,2025-04-17T23:48:19Z,56,0
272,2025-04-12T16:13:11Z,44,2
272,2025-04-18T07:22:25Z,45,1
272,2025-04-02T13:57:20Z,9,1
272,2025-04-21T07:44:28Z,87,S
272,2025-04-07T19:59:18Z,34,2
272,2025-04-05T21:49:31Z,69,1
272,2025-04-18T02:55:52Z,89,3
272,2025-04-15T06:39:43Z,71,0
272,2025-04-15T02:27:57Z,23,1
272,2025-04-18T04:34:52Z,38,0
273,2025-04-09T19:22:26Z,41,2
273,2025-04-12T08:18:10Z,92,S
273,2025-04-26T03:49:13Z,55,3
274,2025-04-21T09:29:48Z,51,S
274,2025-04-17T23:12:05Z,31,3
275,2025-04-21T20:56:23Z,38,1
275,2025-04-23T02:51:26Z,69,2
275,2025-04-02T19:24:05Z,34,3
275,2025-04-07T09:59:00Z,51,3
275,2025-04-03T22:17:56Z,11,2
275,2025-04-22T11:39:54Z,16,S
275,2025-04-19T20:23:17Z,83,3
275,2025-04-16T22:12:04Z,45,1
275,2025-04-05T01:25:09Z,3,3
276,2025-04-15T23:52:35Z,87,S
276,2025-04-29T09:22:08Z,64,1
276,2025-04-05T23:22:53Z,53,S
276,2025-04-25T00:08:17Z,69,2
276,2025-04-20T11:17:09Z,68,3
276,2025-04-13T13:23:43Z,82,0
276,2025-04-21T03:40:44Z,80,3
276,2025-04-29T03:36:43Z,68,1
276,2025-04-11T14:36:05Z,15,1
276,2025-04-11T11:12:14Z,16,1
277,2025-04-19T15:37:06Z,85,3
277,2025-04-17T09:46:02Z,19,0
277,2025-04-07T09:45:37Z,56,3
277,2025-04-22T06:25:15Z,34,3
277,2025-04-23T17:05:58Z,19,1
277,2025-04-26T05:16:37Z,26,S
277,2025-04-16T16:14:10Z,79,S
278,2025-04-07T21:40:55Z,74,1
278,2025-04-25T06:23:45Z,88,1
278,2025-04-06T16:17:20Z,31,3
278,2025-04-20T18:40:26Z,44,0
279,2025-04-04T00:00:10Z,93,2
279,2025-04-24T09:05:32Z,70,S
279,2025-04-25T18:46:26Z,6,3
279,2025-04-18T20:25:38Z,62,1
279,2025-04-03T06:37:21Z,92,3
279,2025-04-26T19:39:07Z,33,0
279,2025-04-02T23:17:08Z,100,3
280,2025-04-09T09:30:36Z,68,S
280,2025-04-14T20:01:44Z,28,2
280,2025-04-16T00:02:56Z,97,S
280,2025-04-05T04:14:10Z,100,1
281,2025-04-21T17:58:20Z,85,1
281,2025-04-08T00:28:45Z,42,3
281,2025-04-22T14:00:29Z,38,3
281,2025-04-05T23:01:26Z,5,1
281,2025-04-16T08:04:29Z,82,0
282,2025-04-03T07:34:10Z,60,3
282,2025-04-24T07:38:28Z,30,3
283,2025-04-25T05:18:01Z,92,0
283,2025-04-07T06:37:41Z,88,0
283,2025-04-24T01:43:13Z,90,S
283,2025-04-05T22:59:04Z,54,1
283,2025-04-17T23:55:50Z,32,2
283,2025-04-18T23:46:23Z,8,3
283,2025-04-03T23:49:35Z,10,S
283,2025-04-22T09:42:35Z,9,1
284,2025-04-13T20:25:29Z,58,S
284,2025-04-16T02:46:56Z,34,1
284,2025-04-12T05:21:55Z,49,2
285,2025-04-26T14:21:14Z,78,1
285,2025-04-27T03:59:24Z,64,1
285,2025-04-16T06:35:48Z,96,2
285,2025-04-02T05:11:00Z,8,2
285,2025-04-20T09:32:35Z,20,S
285,2025-04-26T08:15:45Z,19,2
285,2025-04-19T18:42:08Z,58,0
285,2025-04-22T21:43:59Z,78,S
286,2025-04-29T17:08:29Z,8,S
286,2025-04-27T05:19:14Z,49,2
286,2025-04-25T07:46:33Z,63,3
286,2025-04-09T00:02:31Z,53,S
286,2025-04-04T04:45:12Z,23,2
286,2025-04-12T13:26:24Z,75,2
286,2025-04-17T18:38:55Z,17,S
287,2025-04-06T05:10:48Z,78,2
287,2025-04-18T16:16:49Z,79,2
287,2025-04-01T21:10:47Z,24,1
287,2025-04-14T21:58:31Z,47,S
287,2025-04-02T00:52:25Z,78,S
287,2025-04-28T01:27:26Z,41,0
287,2025-04-26T12:54:29Z,85,2
287,2025-04-09T18:04:25Z,86,1
288,2025-04-28T12:23:06Z,64,3
288,2025-04-04T00:17:46Z,65,2
288,2025-04-22T04:43:48Z,47,3
288,2025-04-23T05:31:57Z,47,2
288,2025-04-23T03:14:53Z,39,0
288,2025-04-08T17:57:26Z,19,S
289,2025-04-19T23:31:54Z,98,1
289,2025-04-18T15:13:09Z,94,0
289,2025-04-11T02:11:36Z,89,2
289,2025-04-05T05:29:08Z,36,1
289,2025-04-20T22:45:18Z,10,3
289,2025-04-10T14:31:17Z,54,S
289,2025-04-19T02:40:50Z,5,0
289,2025-04-12T12:21:07Z,20,3
289,2025-04-28T00:12:28Z,17,2
289,2025-04-05T02:21:24Z,12,3
290,2025-04-09T01:20:26Z,71,S
290,2025-04-09T03:37:48Z,17,3
290,2025-04-03T11:48:19Z,33,1
290,2025-04-11T14:00:31Z,79,S
290,2025-04-16T22:51:20Z,86,0
290,2025-04-27T18:41:40Z,95,1
290,2025-04-16T13:36:22Z,17,3
291,2025-04-12T10:19:14Z,13,S
291,2025-04-09T18:45:21Z,88,3
291,2025-04-11T07:46:03Z,100,S
291,2025-04-07T14:30:31Z,3,1
291,2025-04-12T08:14:41Z,9,0
292,2025-04-14T04:19:33Z,100,2
292,2025-04-06T21:30:36Z,89,S
292,2025-04-23T03:15:45Z,81,2
292,2025-04-25T16:59:29Z,54,S
292,2025-04-20T21:16:51Z,12,3
292,2025-04-21T19:09:09Z,32,3
292,2025-04-14T12:27:30Z,76,3
292,2025-04-09T13:11:28Z,11,S
292,2025-04-22T12:54:36Z,48,0
292,2025-04-07T01:03:33Z,49,0
293,2025-04-19T03:25:42Z,39,2
293,2025-04-05T16:32:35Z,91,S
293,2025-04-14T14:10:24Z,32,2
293,2025-04-29T19:18:34Z,54,2
294,2025-04-14T06:21:40Z,70,2
294,2025-04-15T11:05:27Z,58,S
294,2025-04-27T15:47:45Z,28,0
294,2025-04-24T16:36:48Z,82,1
294,2025-04-10T12:42:22Z,41,2
294,2025-04-12T19:45:58Z,98,1
294,2025-04-11T17:30:44Z,38,0
295,2025-04-11T18:15:50Z,93,3
295,2025-04-10T17:32:46Z,89,2
295,2025-04-28T07:01:47Z,99,3
295,2025-04-09T01:56:49Z,63,2
295,2025-04-06T21:14:06Z,95,0
295,2025-04-10T13:31:03Z,33,S
296,2025-04-03T11:06:27Z,85,1
296,2025-04-21T20:45:10Z,61,2
296,2025-04-17T12:54:03Z,84,1
297,2025-04-05T04:26:20Z,7,3
297,2025-04-08T03:33:49Z,87,1
297,2025-04-08T19:58:09Z,53,S
297,2025-04-28T14:00:09Z,80,1
297,2025-04-12T04:49:41Z,66,3
297,2025-04-11T08:52:56Z,94,S
298,2025-04-29T22:32:55Z,62,0
298,2025-04-23T00:19:25Z,46,S
298,2025-04-14T16:02:34Z,64,1
298,2025-04-19T10:54:24Z,47,0
298,2025-04-01T22:06:39Z,13,2
299,2025-04-07T06:03:01Z,69,S
299,2025-04-25T14:23:55Z,82,1
299,2025-04-26T01:44:38Z,6,2
300,2025-04-12T10:40:28Z,33,2
300,2025-04-17T03:48:17Z,50,0
300,2025-04-17T15:01:11Z,6,1
300,2025-04-07T14:21:58Z,31,S
301,2025-04-06T15:14:48Z,41,S
301,2025-04-14T16:36:21Z,22,3
301,2025-04-13T06:56:10Z,32,S
301,2025-04-20T21:43:16Z,92,2
301,2025-04-07T18:23:24Z,4,S
302,2025-04-04T05:55:22Z,53,0
302,2025-04-10T04:22:45Z,38,S
303,2025-04-01T23:15:25Z,78,0
303,2025-04-04T04:58:58Z,34,0
303,2025-04-16T22:43:13Z,95,0
303,2025-04-04T04:26:15Z,37,3
303,2025-04-11T10:16:29Z,32,3
303,2025-04-04T23:18:37Z,76,1
304,2025-04-04T00:37:20Z,98,0
304,2025-04-14T14:17:50Z,63,0
304,2025-04-25T08:02:38Z,26,2
304,2025-04-23T02:56:48Z,62,0
304,2025-04-19T06:57:45Z,40,S
305,2025-04-13T13:53:53Z,90,3
305,2025-04-21T23:53:04Z,19,S
305,2025-04-21T13:25:26Z,89,S
305,2025-04-12T05:27:28Z,6,2
305,2025-04-05T20:55:09Z,1,2
305,2025-04-13T09:02:40Z,76,3
305,2025-04-10T00:34:52Z,63,1
306,2025-04-14T16:27:46Z,85,3
306,2025-04-28T23:01:59Z,39,1
306,2025-04-18T14:07:07Z,47,0
306,2025-04-19T09:25:48Z,55,S
306,2025-04-11T02:12:30Z,87,0
306,2025-04-16T14:57:07Z,74,S
306,2025-04-20T19:43:29Z,6,2
306,2025-04-27T19:37:11Z,82,1
306,2025-04-08T10:01:42Z,3,3
307,2025-04-06T06:02:50Z,29,1
307,2025-04-27T22:31:13Z,38,S
307,2025-04-15T11:45:02Z,75,S
307,2025-04-06T17:42:09Z,23,S
307,2025-04-11T06:56:05Z,39,1
307,2025-04-05T18:14:01Z,100,S
307,2025-04-27T00:04:40Z,72,1
307,2025-04-20T06:25:05Z,56,0
307,2025-04-07T05:33:02Z,58,S
308,2025-04-09T16:52:40Z,24,2
308,2025-04-23T20:06:23Z,83,S
309,2025-04-06T01:23:56Z,52,3
309,2025-04-02T17:29:37Z,71,3
309,2025-04-23T19:59:18Z,66,2
309,2025-04-25T20:37:41Z,96,3
309,2025-04-22T18:02:53Z,53,0
309,2025-04-22T17:05:47Z,16,1
310,2025-04-04T00:03:55Z,25,2
310,2025-04-14T14:55:20Z,74,1
310,2025-04-12T09:57:31Z,82,0
310,2025-04-29T03:45:31Z,89,0
310,2025-04-04T22:21:46Z,73,1
310,2025-04-12T13:32:47Z,32,1
310,2025-04-16T18:43:17Z,92,3
310,2025-04-04T04:47:33Z,14,3
311,2025-04-05T01:13:49Z,85,1
311,2025-04-24T15:31:22Z,14,1
311,2025-04-18T04:14:25Z,25,S
311,2025-04-22T17:16:38Z,59,1
311,2025-04-22T06:22:28Z,16,2
311,2025-04-21T10:12:07Z,22,2
312,2025-04-20T05:34:07Z,31,S
312,2025-04-04T21:27:24Z,59,3
312,2025-04-13T15:52:19Z,85,2
312,2025-04-09T09:28:51Z,18,0
313,2025-04-04T05:22:00Z,38,S
313,2025-04-11T07:04:48Z,34,S
313,2025-04-13T21:59:16Z,10,0
313,2025-04-18T03:31:55Z,35,S
314,2025-04-03T21:48:35Z,83,1
314,2025-04-23T18:01:48Z,1,3
314,2025-04-20T12:52:08Z,65,S
314,2025-04-20T02:23:22Z,30,S
314,2025-04-24T10:21:01Z,41,1
314,2025-04-18T07:36:56Z,72,3
314,2025-04-23T21:24:04Z,84,3
315,2025-04-22T22:34:47Z,94,2
315,2025-04-27T05:49:33Z,68,S
316,2025-04-25T15:16:34Z,24,S
316,2025-04-24T03:27:34Z,22,S
316,2025-04-01T07:13:58Z,30,0
316,2025-04-10T01:49:11Z,56,0
316,2025-04-12T09:06:31Z,55,1
316,2025-04-25T21:29:53Z,25,2
316,2025-04-05T03:50:03Z,38,1
316,2025-04-05T23:34:19Z,63,1
316,2025-04-24T14:24:18Z,6,S
316,2025-04-02T20:09:46Z,39,3
317,2025-04-02T03:23:02Z,89,2
317,2025-04-20T12:36:24Z,26,0
318,2025-04-05T08:05:23Z,80,0
318,2025-04-09T22:36:47Z,97,S
318,2025-04-21T05:22:26Z,10,2
318,2025-04-14T20:10:16Z,15,S
318,2025-04-16T18:57:01Z,75,2
318,2025-04-23T14:28:06Z,93,S
319,2025-04-15T12:56:31Z,1,2
319,2025-04-10T02:40:17Z,54,3
319,2025-04-11T01:44:02Z,66,0
319,2025-04-04T05:14:45Z,59,1
319,2025-04-23T10:11:36Z,7,2
319,2025-04-20T14:09:10Z,89,3
320,2025-04-20T14:24:04Z,53,0
320,2025-04-26T05:06:03Z,63,3
320,2025-04-01T13:38:58Z,38,1
320,2025-04-14T18:36:17Z,1,3
320,2025-04-18T16:39:45Z,10,3
320,2025-04-11T10:14:15Z,3,2
321,2025-04-10T11:53:01Z,24,2
321,2025-04-16T07:57:14Z,72,3
321,2025-04-08T01:10:21Z,73,0
321,2025-04-09T08:58:13Z,70,2
321,2025-04-14T10:39:32Z,14,1
322,2025-04-18T02:36:09Z,43,1
322,2025-04-26T01:21:47Z,37,1
322,2025-04-12T19:39:25Z,27,0
322,2025-04-09T02:41:33Z,66,0
323,2025-04-06T13:43:59Z,40,2
323,2025-04-12T15:24:59Z,39,S
323,2025-04-13T19:32:30Z,66,3
323,2025-04-29T15:32:05Z,43,0
323,2025-04-24T07:14:20Z,31,S
323,2025-04-09T11:50:29Z,1,S
323,2025-04-11T15:31:22Z,77,S
323,2025-04-15T15:10:05Z,2,2
324,2025-04-09T23:33:55Z,13,S
324,2025-04-06T04:14:20Z,44,0
324,2025-04-23T02:57:44Z,94,0
324,2025-04-09T14:06:15Z,10,2
324,2025-04-03T15:27:48Z,32,3
324,2025-04-16T04:08:42Z,49,3
324,2025-04-22T21:04:15Z,59,3
324,2025-04-09T05:41:37Z,45,0
325,2025-04-28T18:55:05Z,76,2
325,2025-04-14T12:47:55Z,81,2
325,2025-04-08T02:18:11Z,84,S
326,2025-04-10T16:49:37Z,27,0
326,2025-04-06T15:11:32Z,63,3
326,2025-04-15T12:00:41Z,57,3
326,2025-04-04T01:31:51Z,34,0
326,2025-04-19T03:59:45Z,68,S
326,2025-04-02T18:05:29Z,22,1
327,2025-04-17T12:30:21Z,74,2
327,2025-04-06T02:45:25Z,25,1
327,2025-04-03T18:00:21Z,96,2
327,2025-04-02T13:40:28Z,56,2
327,2025-04-10T03:15:58Z,8,1
327,2025-04-26T09:08:59Z,39,0
327,2025-04-21T02:57:14Z,67,0
327,2025-04-01T09:41:30Z,12,3
327,2025-04-08T08:07:49Z,36,0
327,2025-04-10T09:43:22Z,92,0
328,2025-04-21T14:41:27Z,48,2
328,2025-04-24T10:13:38Z,6,3
328,2025-04-23T07:15:32Z,40,2
328,2025-04-18T22:01:06Z,55,2
328,2025-04-27T20:43:12Z,83,3
328,2025-04-18T14:48:04Z,66,S
328,2025-04-11T19:35:08Z,99,0
328,2025-04-17T15:12:19Z,4,2
329,2025-04-12T23:59:21Z,72,S
329,2025-04-05T06:36:05Z,32,0
330,2025-04-04T20:30:02Z,74,0
330,2025-04-02T10:05:12Z,27,3
330,2025-04-08T11:13:56Z,69,1
330,2025-04-25T03:51:18Z,100,3
330,2025-04-21T10:56:11Z,14,2
331,2025-04-02T15:03:18Z,20,0
331,2025-04-11T22:03:53Z,61,1
331,2025-04-14T03:11:06Z,62,2
331,2025-04-04T05:02:06Z,64,3
332,2025-04-22T12:42:06Z,17,S
332,2025-04-05T21:13:57Z,83,S
332,2025-04-07T20:11:55Z,22,2
332,2025-04-02T19:07:03Z,72,2
332,2025-04-07T02:47:06Z,59,S
332,2025-04-19T20:07:29Z,73,S
333,2025-04-06T14:41:05Z,58,3
333,2025-04-16T04:56:15Z,85,3
333,2025-04-16T03:03:12Z,27,S
333,2025-04-15T08:15:16Z,68,2
333,2025-04-13T14:36:43Z,60,2
333,2025-04-23T14:25:52Z,3,S
333,2025-04-20T23:26:56Z,25,1
333,2025-04-07T12:02:33Z,57,3
334,2025-04-22T05:33:14Z,75,1
334,2025-04-04T15:10:24Z,60,S
334,2025-04-14T15:16:09Z,66,2
335,2025-04-13T15:54:27Z,37,S
335,2025-04-03T20:32:48Z,94,3
335,2025-04-22T12:46:21Z,76,2
335,2025-04-04T17:20:13Z,50,1
335,2025-04-15T19:37:38Z,51,0
335,2025-04-15T20:56:56Z,8,3
335,2025-04-15T20:48:38Z,65,2
335,2025-04-12T01:20:51Z,56,0
335,2025-04-10T05:38:41Z,6,3
335,2025-04-01T21:02:13Z,84,1
336,2025-04-04T20:52:48Z,20,2
336,2025-04-13T21:21:10Z,67,3
336,2025-04-04T04:04:03Z,34,0
336,2025-04-05T20:53:00Z,47,3
336,2025-04-26T18:39:25Z,76,3
336,2025-04-10T22:46:18Z,45,3
336,2025-04-19T00:50:51Z,61,S
336,2025-04-20T21:59:27Z,6,2
336,2025-04-22T05:58:08Z,47,S
337,2025-04-14T03:06:45Z,86,2
337,2025-04-08T07:52:40Z,38,3
337,2025-04-09T09:17:10Z,66,0
337,2025-04-16T19:34:53Z,46,3
338,2025-04-29T08:11:25Z,14,1
338,2025-04-05T15:21:02Z,93,1
338,2025-04-24T04:59:55Z,53,3
338,2025-04-13T21:43:46Z,73,0
338,2025-04-25T04:46:42Z,30,0
338,2025-04-22T14:27:56Z,55,S
339,2025-04-28T02:31:41Z,31,0
339,2025-04-17T15:21:42Z,20,3
339,2025-04-12T01:57:47Z,43,1
339,2025-04-28T10:38:45Z,13,3
339,2025-04-09T01:08:41Z,48,1
339,2025-04-08T23:51:58Z,3,1
339,2025-04-15T08:42:08Z,2,1
339,2025-04-14T12:08:25Z,3,S
340,2025-04-06T18:02:07Z,42,S
340,2025-04-18T19:47:08Z,12,0
340,2025-04-05T19:05:48Z,2,2
340,2025-04-24T04:33:52Z,17,1
341,2025-04-07T04:52:57Z,61,0
341,2025-04-01T18:14:08Z,57,2
341,2025-04-17T09:01:17Z,3,S
341,2025-04-15T10:41:23Z,53,S
341,2025-04-29T02:52:18Z,85,3
341,2025-04-28T08:50:20Z,9,1
341,2025-04-14T11:09:03Z,20,0
341,2025-04-01T03:22:43Z,93,1
342,2025-04-05T11:31:15Z,13,S
342,2025-04-06T09:58:28Z,9,0
342,2025-04-10T09:14:36Z,8,3
342,2025-04-15T12:32:27Z,54,3
342,2025-04-28T03:05:12Z,12,2
343,2025-04-26T00:47:18Z,27,0
343,2025-04-25T02:30:41Z,43,0
343,2025-04-13T20:24:45Z,44,2
343,2025-04-15T00:26:05Z,36,2
343,2025-04-15T17:45:20Z,23,0
343,2025-04-22T12:29:53Z,71,3
343,2025-04-19T22:43:42Z,85,S
343,2025-04-17T14:08:10Z,63,2
343,2025-04-08T10:10:05Z,8,3
344,2025-04-15T17:32:37Z,75,S
344,2025-04-07T16:04:47Z,43,2
345,2025-04-16T23:18:59Z,9,3
345,2025-04-17T04:41:45Z,23,0
345,2025-04-12T17:13:55Z,37,1
345,2025-04-25T14:16:21Z,82,1
345,2025-04-28T12:44:02Z,60,S
345,2025-04-08T09:29:12Z,79,3
345,2025-04-17T16:43:17Z,11,1
346,2025-04-15T12:33:50Z,34,0
346,2025-04-10T12:48:53Z,97,2
346,2025-04-25T18:09:41Z,91,1
346,2025-04-02T04:42:54Z,48,0
346,2025-04-16T09:20:51Z,35,1
346,2025-04-05T05:45:38Z,17,3
346,2025-04-18T03:34:55Z,3,1
346,2025-04-25T20:27:27Z,41,0
347,2025-04-09T08:28:39Z,83,S
347,2025-04-10T17:03:40Z,46,1
347,2025-04-15T09:31:26Z,70,S
347,2025-04-11T17:28:52Z,50,2
347,2025-04-27T08:37:29Z,19,S
347,2025-04-13T23:45:11Z,36,1
347,2025-04-18T09:38:13Z,46,0
348,2025-04-26T12:24:57Z,83,0
348,2025-04-18T13:47:03Z,40,S
348,2025-04-10T04:35:02Z,36,3
348,2025-04-24T12:38:54Z,67,2
348,2025-04-24T03:31:48Z,34,3
349,2025-04-18T14:03:51Z,12,0
349,2025-04-20T06:20:27Z,63,2
350,2025-04-26T13:59:29Z,45,2
350,2025-04-11T06:14:59Z,17,2
350,2025-04-01T14:49:00Z,87,2
350,2025-04-11T02:31:02Z,83,S
351,2025-04-08T21:12:58Z,6,S
351,2025-04-26T17:51:56Z,43,2
351,2025-04-01T11:47:02Z,82,3
351,2025-04-10T05:04:31Z,7,0
352,2025-04-17T02:25:11Z,24,0
352,2025-04-05T00:22:54Z,100,1
352,2025-04-05T23:13:57Z,53,S
352,2025-04-12T10:53:19Z,30,2
352,2025-04-15T03:03:25Z,61,3
352,2025-04-15T18:33:09Z,24,0
352,2025-04-23T14:07:17Z,20,0
352,2025-04-07T06:29:03Z,12,1
352,2025-04-18T07:57:14Z,28,2
353,2025-04-02T09:28:33Z,26,2
353,2025-04-16T12:09:34Z,73,0
354,2025-04-01T06:29:33Z,40,3
354,2025-04-10T00:29:38Z,13,0
354,2025-04-05T09:02:43Z,69,0
354,2025-04-18T13:38:09Z,43,3
354,2025-04-23T17:49:11Z,92,0
354,2025-04-29T02:00:11Z,48,1
354,2025-04-26T21:59:25Z,75,0
354,2025-04-02T06:02:25Z,2,3
355,2025-04-28T17:00:26Z,33,S
355,2025-04-28T03:21:53Z,74,3
355,2025-04-09T08:16:18Z,95,1
355,2025-04-27T10:49:38Z,89,2
355,2025-04-01T12:45:39Z,5,3
355,2025-04-22T12:35:16Z,1,1
355,2025-04-23T05:16:01Z,5,S
355,2025-04-22T09:11:20Z,26,1
355,2025-04-26T00:39:21Z,88,3
356,2025-04-18T05:08:11Z,67,2
356,2025-04-02T22:11:52Z,42,3
356,2025-04-07T10:31:05Z,73,0
356,2025-04-06T09:43:34Z,62,2
356,2025-04-12T15:04:08Z,8,S
356,2025-04-18T06:38:38Z,10,S
356,2025-04-02T02:53:32Z,60,1
356,2025-04-01T22:06:13Z,16,S
357,2025-04-03T20:13:34Z,7,S
357,2025-04-23T16:53:54Z,69,1
357,2025-04-28T00:31:18Z,47,3
357,2025-04-03T17:29:02Z,70,3
358,2025-04-10T23:31:52Z,15,S
358,2025-04-27T18:36:45Z,69,2
359,2025-04-04T17:29:15Z,14,3
359,2025-04-23T05:33:24Z,15,0
359,2025-04-07T00:41:34Z,80,2
359,2025-04-09T09:50:40Z,82,0
359,2025-04-06T09:34:09Z,16,S
359,2025-04-25T02:18:05Z,9,3
359,2025-04-17T22:10:50Z,43,0
359,2025-04-29T09:41:10Z,70,S
360,2025-04-25T12:13:47Z,20,0
360,2025-04-05T07:27:56Z,57,S
360,2025-04-28T04:09:50Z,73,2
360,2025-04-03T05:25:55Z,97,1
360,2025-04-15T02:23:15Z,52,3
361,2025-04-12T12:46:53Z,89,2
361,2025-04-23T13:44:33Z,96,3
361,2025-04-15T23:04:08Z,44,2
361,2025-04-29T22:12:49Z,97,1
361,2025-04-17T09:00:00Z,57,1
361,2025-04-20T04:33:11Z,80,2
361,2025-04-02T13:31:30Z,6,0
361,2025-04-02T00:00:03Z,1,1
361,2025-04-09T08:40:50Z,80,3
361,2025-04-20T19:24:18Z,32,3
362,2025-04-20T02:37:10Z,1,1
362,2025-04-10T09:37:27Z,4,1
362,2025-04-24T12:23:53Z,42,1
362,2025-04-14T16:44:30Z,17,3
362,2025-04-17T15:26:15Z,66,3
362,2025-04-19T23:48:48Z,67,3
362,2025-04-03T10:00:12Z,94,2
362,2025-04-09T18:00:49Z,53,3
362,2025-04-14T21:09:49Z,44,1
363,2025-04-27T15:36:43Z,83,0
363,2025-04-28T18:09:52Z,11,3
363,2025-04-19T07:29:46Z,37,3
363,2025-04-02T22:49:29Z,15,S
363,2025-04-15T05:26:14Z,66,2
363,2025-04-29T07:17:06Z,39,S
363,2025-04-17T09:59:28Z,93,2
363,2025-04-11T04:44:05Z,67,S
363,2025-04-20T08:07:03Z,83,S
363,2025-04-10T04:54:37Z,59,S
364,2025-04-02T16:39:52Z,57,2
364,2025-04-02T23:27:43Z,40,0
364,2025-04-26T07:09:04Z,16,0
364,2025-04-23T01:07:50Z,26,3
364,2025-04-08T00:07:54Z,82,0
365,2025-04-21T14:39:50Z,6,2
365,2025-04-26T19:39:09Z,72,0
365,2025-04-17T09:21:25Z,82,0
365,2025-04-01T05:18:37Z,41,2
365,2025-04-14T18:42:19Z,8,2
365,2025-04-10T03:28:14Z,1,1
365,2025-04-05T22:01:37Z,49,0
365,2025-04-16T05:38:27Z,29,1
365,2025-04-11T16:19:10Z,16,3
365,2025-04-05T01:20:01Z,22,3
366,2025-04-10T23:51:36Z,6,1
366,2025-04-10T11:57:44Z,10,1
366,2025-04-04T22:33:21Z,48,S
366,2025-04-03T14:25:32Z,40,0
366,2025-04-19T12:35:05Z,33,2
367,2025-04-03T11:32:04Z,5,3
367,2025-04-29T08:43:48Z,63,1
367,2025-04-01T16:53:37Z,18,2
367,2025-04-11T20:47:14Z,57,2
367,2025-04-19T01:11:17Z,33,2
367,2025-04-01T11:39:18Z,6,S
367,2025-04-24T23:13:05Z,93,3
367,2025-04-24T03:55:55Z,88,S
367,2025-04-18T12:22:23Z,18,S
367,2025-04-19T14:11:00Z,43,S
368,2025-04-09T01:11:27Z,16,3
368,2025-04-20T16:28:10Z,25,1
368,2025-04-06T18:37:48Z,6,1
368,2025-04-28T05:37:20Z,34,1
368,2025-04-14T07:27:57Z,60,0
368,2025-04-16T16:00:38Z,79,3
368,2025-04-15T14:36:46Z,44,2
368,2025-04-13T15:43:15Z,44,3
368,2025-04-25T03:49:43Z,74,0
368,2025-04-20T16:53:16Z,66,S
369,2025-04-12T05:29:32Z,16,3
369,2025-04-21T16:50:33Z,81,S
369,2025-04-21T11:07:46Z,34,1
369,2025-04-20T16:25:20Z,10,0
369,2025-04-06T04:54:04Z,91,3
370,2025-04-20T07:32:58Z,48,0
370,2025-04-23T15:57:39Z,15,1
371,2025-04-19T08:40:36Z,54,0
371,2025-04-16T13:42:50Z,49,2
371,2025-04-01T14:33:20Z,47,S
371,2025-04-23T08:40:52Z,23,S
371,2025-04-24T14:11:24Z,42,3
371,2025-04-07T17:15:32Z,99,3
371,2025-04-04T14:22:06Z,31,S
371,2025-04-12T09:36:16Z,50,0
371,2025-04-16T05:42:24Z,44,S
372,2025-04-16T06:54:36Z,19,3
372,2025-04-16T02:45:09Z,92,0
372,2025-04-27T09:34:13Z,36,2
372,2025-04-26T14:17:04Z,13,2
372,2025-04-11T12:08:40Z,6,S
373,2025-04-20T00:15:01Z,94,S
373,2025-04-21T15:27:30Z,19,1
373,2025-04-21T14:23:22Z,43,3
373,2025-04-13T01:09:38Z,99,2
373,2025-04-25T01:58:25Z,96,0
374,2025-04-27T15:25:36Z,90,S
374,2025-04-11T20:57:44Z,29,2
374,2025-04-07T02:17:55Z,93,0
374,2025-04-11T07:37:59Z,62,1
374,2025-04-02T02:38:54Z,88,0
374,2025-04-17T10:24:20Z,67,1
374,2025-04-06T02:37:53Z,93,S
374,2025-04-24T01:16:53Z,78,1
374,2025-04-27T00:41:39Z,33,1
374,2025-04-03T00:31:41Z,46,0
375,2025-04-23T20:15:09Z,92,0
375,2025-04-08T00:35:14Z,35,1
376,2025-04-18T09:25:00Z,11,2
376,2025-04-18T01:46:56Z,80,S
376,2025-04-27T13:23:09Z,48,1
376,2025-04-03T15:03:07Z,1,3
376,2025-04-25T22:55:43Z,21,0
377,2025-04-16T11:20:42Z,1,S
377,2025-04-15T23:11:58Z,69,1
377,2025-04-17T10:29:19Z,44,0
378,2025-04-21T21:24:36Z,56,0
378,2025-04-21T09:47:41Z,56,2
378,2025-04-26T00:05:58Z,8,S
378,2025-04-23T07:51:40Z,39,2
378,2025-04-16T18:27:32Z,55,3
378,2025-04-05T03:49:25Z,25,0
379,2025-04-08T12:07:01Z,94,3
379,2025-04-26T02:57:14Z,66,3
379,2025-04-03T09:56:45Z,35,3
380,2025-04-22T15:57:36Z,45,3
380,2025-04-03T12:29:21Z,53,2
381,2025-04-11T22:24:43Z,73,0
381,2025-04-03T00:14:06Z,10,3
381,2025-04-29T12:57:37Z,56,S
381,2025-04-01T16:06:13Z,45,0
382,2025-04-06T04:12:37Z,20,S
382,2025-04-28T12:35:34Z,30,2
382,2025-04-01T15:55:26Z,37,2
382,2025-04-25T00:42:48Z,65,2
382,2025-04-24T03:31:15Z,76,S
382,2025-04-24T02:58:59Z,68,2
382,2025-04-11T11:58:50Z,88,0
383,2025-04-11T22:06:10Z,92,2
383,2025-04-09T07:46:06Z,60,1
383,2025-04-26T06:07:23Z,82,3
383,2025-04-14T04:58:23Z,73,1
383,2025-04-09T18:45:04Z,27,2
383,2025-04-01T00:53:47Z,68,S
383,2025-04-14T20:47:54Z,31,3
384,2025-04-08T12:46:39Z,52,S
384,2025-04-08T03:48:42Z,18,1
384,2025-04-01T03:27:23Z,99,S
385,2025-04-07T05:56:12Z,46,1
385,2025-04-25T18:56:19Z,43,S
385,2025-04-20T20:44:59Z,71,0
386,2025-04-15T19:30:23Z,69,1
386,2025-04-22T12:25:58Z,5,S
387,2025-04-22T16:34:51Z,19,1
387,2025-04-23T10:39:07Z,4,3
387,2025-04-11T22:11:32Z,71,2
388,2025-04-11T21:41:09Z,78,1
388,2025-04-28T18:33:03Z,71,0
388,2025-04-20T07:52:38Z,45,1
388,2025-04-13T16:30:04Z,87,0
388,2025-04-07T06:02:06Z,18,3
388,2025-04-04T04:01:21Z,83,S
389,2025-04-26T06:14:06Z,59,3
389,2025-04-01T21:58:42Z,2,S
390,2025-04-12T21:56:00Z,4,3
390,2025-04-27T20:11:18Z,91,0
391,2025-04-27T06:57:08Z,56,0
391,2025-04-26T14:29:43Z,52,2
392,2025-04-15T05:13:04Z,18,S
392,2025-04-12T02:43:13Z,44,S
392,2025-04-07T20:47:54Z,31,0
392,2025-04-15T09:56:17Z,88,2
392,2025-04-20T14:35:05Z,76,S
392,2025-04-23T17:40:10Z,3,2
392,2025-04-19T22:56:10Z,33,1
392,2025-04-21T16:21:29Z,85,3
392,2025-04-23T19:24:19Z,80,3
392,2025-04-07T05:02:58Z,98,2
393,2025-04-16T01:35:26Z,9,3
393,2025-04-14T17:08:38Z,45,0
393,2025-04-02T20:05:06Z,19,3
393,2025-04-14T22:06:51Z,71,2
393,2025-04-10T03:45:24Z,67,2
393,2025-04-21T11:28:13Z,5,S
393,2025-04-18T01:44:41Z,91,3
393,2025-04-05T03:54:06Z,77,3
393,2025-04-13T20:59:51Z,54,S
394,2025-04-02T22:10:41Z,60,0
394,2025-04-04T08:52:53Z,28,S
394,2025-04-09T06:21:52Z,75,S
395,2025-04-12T21:48:52Z,98,0
395,2025-04-28T18:26:58Z,30,S
396,2025-04-12T16:20:35Z,7,1
396,2025-04-24T03:56:34Z,36,1
396,2025-04-24T00:06:20Z,58,0
396,2025-04-11T02:06:15Z,35,2
396,2025-04-18T14:14:11Z,36,1
396,2025-04-16T01:47:42Z,86,3
396,2025-04-13T06:17:57Z,82,3
396,2025-04-06T11:31:19Z,7,2
396,2025-04-14T06:57:29Z,16,S
397,2025-04-21T22:43:54Z,2,0
397,2025-04-02T13:48:21Z,19,2
397,2025-04-10T16:19:28Z,75,S
398,2025-04-22T06:27:05Z,19,3
398,2025-04-26T05:47:37Z,34,2
399,2025-04-09T06:23:25Z,56,S
399,2025-04-13T05:00:01Z,53,2
399,2025-04-13T20:37:15Z,7,2
399,2025-04-05T14:16:14Z,63,2
399,2025-04-24T10:25:55Z,42,1
399,2025-04-06T07:00:08Z,22,3
399,2025-04-08T00:30:53Z,86,1
399,2025-04-02T10:39:45Z,88,3
399,2025-04-15T06:39:09Z,55,S
399,2025-04-11T12:34:58Z,41,2
400,2025-04-20T02:11:38Z,48,1
400,2025-04-20T22:01:18Z,3,3
400,2025-04-01T01:17:49Z,8,3
400,2025-04-17T23:03:03Z,38,2
400,2025-04-28T14:17:49Z,52,0
400,2025-04-29T09:22:49Z,22,1
400,2025-04-17T06:32:31Z,96,S
401,2025-04-28T02:11:03Z,50,0
401,2025-04-14T14:49:01Z,61,2
401,2025-04-12T05:09:00Z,100,3
401,2025-04-15T02:49:51Z,48,2
401,2025-04-17T05:37:19Z,10,3
401,2025-04-01T07:58:27Z,20,1
401,2025-04-23T08:26:48Z,5,2
402,2025-04-02T06:19:14Z,50,1
402,2025-04-09T15:26:12Z,17,S
402,2025-04-12T01:13:03Z,30,2
403,2025-04-18T20:01:03Z,96,2
403,2025-04-05T10:22:07Z,93,1
403,2025-04-08T00:19:54Z,67,3
404,2025-04-09T02:15:00Z,100,1
404,2025-04-19T23:45:09Z,90,S
404,2025-04-05T17:24:52Z,22,2
404,2025-04-11T04:40:46Z,54,0
404,2025-04-20T12:52:37Z,89,1
404,2025-04-17T07:48:40Z,14,2
404,2025-04-26T06:06:32Z,34,S
404,2025-04-22T05:44:42Z,90,0
404,2025-04-26T07:39:41Z,47,3
404,2025-04-27T02:45:22Z,47,1
405,2025-04-23T22:42:16Z,27,0
405,2025-04-15T10:15:22Z,62,0
405,2025-04-26T18:17:58Z,51,0
405,2025-04-16T06:46:12Z,97,S
405,2025-04-25T14:48:03Z,3,0
405,2025-04-18T06:14:31Z,85,0
406,2025-04-05T14:28:43Z,64,S
406,2025-04-11T06:46:14Z,34,2
406,2025-04-18T06:27:17Z,11,0
406,2025-04-03T09:08:16Z,89,3
406,2025-04-29T09:31:17Z,35,0
407,2025-04-26T19:48:03Z,85,1
407,2025-04-22T20:36:47Z,64,2
408,2025-04-13T14:05:22Z,35,3
408,2025-04-01T09:57:14Z,41,S
408,2025-04-17T06:38:28Z,84,2
408,2025-04-08T13:44:35Z,92,0
408,2025-04-24T14:35:41Z,63,3
408,2025-04-06T16:35:57Z,14,2
408,2025-04-01T04:26:29Z,50,1
409,2025-04-11T07:12:38Z,29,2
409,2025-04-12T21:18:14Z,31,0
409,2025-04-29T14:16:45Z,48,2
409,2025-04-19T08:59:24Z,7,S
409,2025-04-10T13:48:46Z,15,0
409,2025-04-04T21:03:51Z,42,S
409,2025-04-16T00:45:28Z,19,S
409,2025-04-23T09:11:50Z,56,3
409,2025-04-29T08:32:34Z,59,3
410,2025-04-06T17:32:00Z,40,1
410,2025-04-25T20:50:55Z,77,3
410,2025-04-10T01:15:41Z,48,0
411,2025-04-20T12:03:38Z,4,1
411,2025-04-04T18:33:40Z,47,1
411,2025-04-24T09:33:46Z,88,0
411,2025-04-24T01:52:39Z,40,S
411,2025-04-22T17:59:10Z,26,1
411,2025-04-04T06:55:40Z,77,0
411,2025-04-29T07:10:16Z,21,S
411,2025-04-07T15:50:54Z,75,S
411,2025-04-09T17:11:53Z,70,3
411,2025-04-17T17:38:32Z,42,0
412,2025-04-08T17:00:23Z,48,2
412,2025-04-06T20:00:48Z,22,0
412,2025-04-10T10:58:32Z,99,3
412,2025-04-28T10:50:21Z,20,2
413,2025-04-02T03:28:49Z,44,0
413,2025-04-21T18:40:32Z,99,1
413,2025-04-08T01:51:33Z,8,1
413,2025-04-10T02:44:37Z,69,0
414,2025-04-06T04:43:18Z,13,0
414,2025-04-20T08:07:50Z,3,S
415,2025-04-27T20:20:13Z,17,2
415,2025-04-27T12:21:13Z,80,3
415,2025-04-04T01:33:15Z,16,2
415,2025-04-01T17:45:23Z,75,3
415,2025-04-16T10:19:07Z,23,3
415,2025-04-09T21:26:08Z,38,2
416,2025-04-06T06:04:08Z,57,3
416,2025-04-05T11:17:04Z,4,1
416,2025-04-25T07:47:50Z,10,3
417,2025-04-03T02:01:50Z,68,3
417,2025-04-09T15:06:54Z,8,0
417,2025-04-29T23:39:36Z,77,S
417,2025-04-21T22:22:23Z,62,0
417,2025-04-04T07:40:45Z,100,0
417,2025-04-13T00:34:24Z,69,2
417,2025-04-04T08:00:23Z,1,0
417,2025-04-29T21:45:03Z,21,3
418,2025-04-03T00:56:05Z,3,1
418,2025-04-11T12:09:27Z,80,3
418,2025-04-27T15:11:29Z,36,1
418,2025-04-15T14:53:41Z,21,3
419,2025-04-24T12:58:06Z,89,S
419,2025-04-29T02:16:59Z,50,S
420,2025-04-14T15:14:44Z,86,0
420,2025-04-09T10:39:04Z,3,2
420,2025-04-03T17:36:42Z,69,2
420,2025-04-22T07:59:25Z,53,1
420,2025-04-11T07:32:58Z,97,0
420,2025-04-22T07:20:16Z,80,2
420,2025-04-18T17:46:46Z,29,2
420,2025-04-27T21:47:55Z,38,1
420,2025-04-26T02:47:14Z,17,0
421,2025-04-15T23:29:24Z,100,S
421,2025-04-18T04:39:09Z,34,1
422,2025-04-03T05:34:44Z,27,S
422,2025-04-24T00:38:37Z,9,1
422,2025-04-02T07:56:38Z,64,2
422,2025-04-01T09:44:04Z,76,0
422,2025-04-20T22:06:00Z,6,2
422,2025-04-23T05:34:50Z,11,2
423,2025-04-28T11:44:48Z,99,1
423,2025-04-25T12:03:37Z,14,2
424,2025-04-08T22:13:01Z,2,1
424,2025-04-21T15:31:41Z,7,1
424,2025-04-16T18:25:25Z,9,2
424,2025-04-25T23:09:02Z,96,1
424,2025-04-28T17:48:41Z,84,3
424,2025-04-28T17:59:08Z,15,0
424,2025-04-10T20:32:45Z,18,0
424,2025-04-25T17:29:40Z,26,1
424,2025-04-22T23:27:58Z,43,0
424,2025-04-08T01:21:52Z,47,0
425,2025-04-28T05:47:23Z,53,S
425,2025-04-07T18:42:02Z,63,2
425,2025-04-01T10:48:29Z,80,1
425,2025-04-13T14:51:40Z,10,1
425,2025-04-12T15:43:10Z,100,1
425,2025-04-26T04:04:13Z,30,3
426,2025-04-05T19:53:57Z,32,1
426,2025-04-03T20:52:40Z,93,2
426,2025-04-04T03:35:34Z,84,3
426,2025-04-01T21:31:08Z,23,3
426,2025-04-16T23:40:07Z,88,3
426,2025-04-15T07:37:18Z,6,0
426,2025-04-21T09:56:18Z,87,0
426,2025-04-11T00:00:40Z,32,1
426,2025-04-22T00:28:28Z,77,3
426,2025-04-14T19:39:35Z,47,0
427,2025-04-03T12:47:35Z,1,1
427,2025-04-25T06:27:06Z,86,S
428,2025-04-03T11:43:47Z,50,3
428,2025-04-25T08:20:30Z,94,S
428,2025-04-08T03:29:42Z,34,S
428,2025-04-19T16:25:04Z,58,3
429,2025-04-17T17:36:27Z,2,3
429,2025-04-16T00:31:52Z,79,1
429,2025-04-26T23:46:33Z,92,0
429,2025-04-21T01:21:59Z,62,S
429,2025-04-11T05:39:44Z,91,0
429,2025-04-11T11:52:37Z,42,3
430,2025-04-17T10:31:45Z,64,2
430,2025-04-29T07:21:06Z,55,1
430,2025-04-08T08:53:47Z,63,1
431,2025-04-23T00:15:15Z,29,1
431,2025-04-15T06:01:31Z,99,1
431,2025-04-05T23:12:49Z,71,S
431,2025-04-29T05:26:43Z,95,3
431,2025-04-08T23:13:45Z,17,0
432,2025-04-13T22:57:36Z,40,3
432,2025-04-14T23:01:22Z,68,S
432,2025-04-09T10:29:01Z,40,0
432,2025-04-29T07:48:22Z,29,2
432,2025-04-29T20:28:34Z,97,2
432,2025-04-10T18:12:49Z,68,0
432,2025-04-06T18:29:14Z,95,1
432,2025-04-19T10:09:33Z,99,1
433,2025-04-05T07:54:37Z,50,0
433,2025-04-17T10:06:45Z,3,3
434,2025-04-13T22:17:58Z,12,S
434,2025-04-10T11:42:38Z,31,3
434,2025-04-15T14:09:50Z,87,3
434,2025-04-08T09:09:12Z,81,0
434,2025-04-19T11:02:02Z,64,1
434,2025-04-13T07:41:27Z,44,2
434,2025-04-27T00:33:10Z,93,0
434,2025-04-09T02:13:14Z,64,1
434,2025-04-21T21:09:02Z,92,S
435,2025-04-18T22:45:43Z,8,S
435,2025-04-26T13:33:25Z,37,1
436,2025-04-27T20:11:10Z,22,S
436,2025-04-22T18:12:55Z,52,3
436,2025-04-08T10:41:11Z,8,0
436,2025-04-03T14:27:21Z,89,S
436,2025-04-02T06:40:13Z,73,0
437,2025-04-25T04:14:32Z,100,2
437,2025-04-02T17:21:51Z,94,S
437,2025-04-05T14:44:28Z,47,S
437,2025-04-29T17:13:26Z,29,1
438,2025-04-26T22:24:27Z,75,3
438,2025-04-06T16:17:32Z,15,S
438,2025-04-09T03:41:17Z,25,0
438,2025-04-09T18:15:28Z,60,1
438,2025-04-04T06:47:38Z,86,1
438,2025-04-27T01:42:09Z,23,2
438,2025-04-03T15:01:17Z,45,S
438,2025-04-14T20:18:51Z,79,3
438,2025-04-10T14:43:12Z,90,1
438,2025-04-27T16:11:30Z,50,3
439,2025-04-20T18:01:46Z,32,S
439,2025-04-19T16:18:24Z,33,3
439,2025-04-16T18:15:55Z,4,2
439,2025-04-15T02:11:14Z,47,2
439,2025-04-20T07:40:12Z,47,2
439,2025-04-02T09:45:57Z,95,2
439,2025-04-23T03:16:25Z,41,3
439,2025-04-17T23:39:22Z,44,S
439,2025-04-24T04:32:56Z,99,0
439,2025-04-08T00:09:25Z,11,S
440,2025-04-19T20:18:46Z,70,S
440,2025-04-22T09:38:24Z,68,0
440,2025-04-23T05:44:51Z,39,1
440,2025-04-24T20:32:20Z,30,S
440,2025-04-28T14:25:04Z,33,S
440,2025-04-10T01:45:35Z,37,2
440,2025-04-12T16:23:32Z,13,3
440,2025-04-25T11:27:25Z,54,1
440,2025-04-26T10:34:04Z,97,S
440,2025-04-17T22:23:43Z,41,3
441,2025-04-17T03:25:03Z,99,S
441,2025-04-27T14:16:00Z,80,2
441,2025-04-04T02:28:14Z,90,1
441,2025-04-27T03:00:02Z,81,3
442,2025-04-08T11:30:48Z,83,S
442,2025-04-04T16:59:57Z,76,3
443,2025-04-14T20:48:49Z,59,1
443,2025-04-17T08:10:19Z,8,0
443,2025-04-20T09:32:19Z,73,1
443,2025-04-18T05:46:15Z,75,2
443,2025-04-10T00:50:38Z,24,0
443,2025-04-27T12:32:22Z,93,2
443,2025-04-19T01:22:54Z,57,0
443,2025-04-14T09:01:28Z,45,2
443,2025-04-19T11:20:58Z,48,S
443,2025-04-28T23:06:02Z,80,S
444,2025-04-23T09:47:59Z,16,S
444,2025-04-13T11:41:39Z,98,0
444,2025-04-13T00:39:03Z,72,2
444,2025-04-04T05:42:10Z,3,2
444,2025-04-18T10:37:22Z,88,3
444,2025-04-15T11:36:53Z,16,0
444,2025-04-11T12:12:00Z,49,3
444,2025-04-06T01:35:20Z,91,S
445,2025-04-13T21:48:10Z,53,2
445,2025-04-09T22:22:41Z,17,S
445,2025-04-20T14:32:51Z,75,1
445,2025-04-16T07:11:30Z,90,1
445,2025-04-06T05:49:01Z,96,0
445,2025-04-12T18:42:53Z,68,2
445,2025-04-20T23:48:26Z,78,3
445,2025-04-23T16:13:07Z,55,1
446,2025-04-03T20:57:16Z,99,2
446,2025-04-29T13:46:14Z,51,3
446,2025-04-23T14:45:52Z,95,2
446,2025-04-11T19:05:56Z,44,0
446,2025-04-09T21:33:53Z,54,0
446,2025-04-29T09:35:45Z,55,S
446,2025-04-07T17:07:55Z,82,S
446,2025-04-08T20:05:50Z,53,S
446,2025-04-13T14:27:41Z,88,0
447,2025-04-03T02:30:32Z,39,3
447,2025-04-11T20:36:20Z,92,S
447,2025-04-21T14:56:41Z,84,S
447,2025-04-13T00:58:01Z,2,2
448,2025-04-22T09:21:02Z,44,S
448,2025-04-07T12:55:01Z,42,1
448,2025-04-24T22:55:44Z,95,3
448,2025-04-01T15:57:40Z,84,S
448,2025-04-28T20:57:03Z,65,3
448,2025-04-24T08:41:15Z,98,2
448,2025-04-24T06:12:13Z,88,3
448,2025-04-21T20:21:43Z,92,S
448,2025-04-16T19:51:53Z,17,0
448,2025-04-04T14:25:18Z,36,3
449,2025-04-16T03:53:56Z,78,2
449,2025-04-23T14:14:04Z,33,3
449,2025-04-07T21:54:01Z,31,2
449,2025-04-21T02:26:15Z,86,S
449,2025-04-29T18:02:53Z,2,0
449,2025-04-01T00:32:29Z,83,3
449,2025-04-17T18:46:38Z,89,1
449,2025-04-25T06:35:56Z,81,3
449,2025-04-03T00:34:12Z,34,2
450,2025-04-13T08:41:17Z,55,3
450,2025-04-08T20:00:31Z,7,S
451,2025-04-04T08:58:13Z,56,0
451,2025-04-22T21:14:34Z,30,3
451,2025-04-23T18:03:24Z,92,S
451,2025-04-13T14:40:07Z,85,3
451,2025-04-15T05:36:36Z,60,S
451,2025-04-08T01:31:49Z,24,S
451,2025-04-02T10:05:13Z,76,0
452,2025-04-14T09:59:24Z,30,0
452,2025-04-26T14:35:53Z,6,3
452,2025-04-20T15:45:00Z,64,3
453,2025-04-18T09:00:34Z,11,0
453,2025-04-07T14:36:29Z,29,3
453,2025-04-04T02:36:08Z,99,2
453,2025-04-15T09:29:28Z,65,0
453,2025-04-10T02:51:56Z,89,2
453,2025-04-27T06:46:27Z,10,3
453,2025-04-07T10:05:26Z,97,S
454,2025-04-18T18:32:54Z,18,S
454,2025-04-16T09:09:34Z,38,2
454,2025-04-08T01:19:03Z,85,S
454,2025-04-05T12:16:43Z,98,S
454,2025-04-22T00:55:16Z,43,2
454,2025-04-29T06:24:26Z,23,1
455,2025-04-11T22:30:55Z,31,3
455,2025-04-19T05:48:40Z,26,0
455,2025-04-24T14:26:02Z,82,3
455,2025-04-03T16:53:13Z,23,S
456,2025-04-26T23:49:15Z,80,1
456,2025-04-23T07:10:12Z,57,S
456,2025-04-23T14:26:46Z,97,3
457,2025-04-04T10:56:40Z,50,0
457,2025-04-06T12:43:23Z,48,2
457,2025-04-21T06:32:20Z,73,0
457,2025-04-01T20:51:48Z,47,3
457,2025-04-10T13:52:00Z,97,3
457,2025-04-18T03:09:35Z,90,0
457,2025-04-22T14:45:57Z,19,S
457,2025-04-16T16:32:37Z,18,0
457,2025-04-27T02:27:01Z,34,3
457,2025-04-07T15:01:14Z,91,0
458,2025-04-15T08:25:07Z,32,2
458,2025-04-19T13:50:11Z,19,1
459,2025-04-10T08:06:59Z,57,3
459,2025-04-10T01:47:29Z,57,3
460,2025-04-06T20:02:05Z,60,2
460,2025-04-04T08:54:46Z,81,S
460,2025-04-27T22:52:14Z,38,2
460,2025-04-24T12:51:45Z,100,0
461,2025-04-26T09:19:53Z,40,0
461,2025-04-29T03:42:37Z,65,1
461,2025-04-03T09:54:13Z,14,S
461,2025-04-20T07:11:41Z,49,2
461,2025-04-02T06:40:21Z,46,0
461,2025-04-13T17:47:28Z,74,S
462,2025-04-16T15:53:49Z,68,0
462,2025-04-02T23:22:37Z,21,S
462,2025-04-13T10:19:04Z,44,S
463,2025-04-08T12:28:12Z,23,2
463,2025-04-12T07:47:34Z,7,1
463,2025-04-27T22:46:32Z,14,S
463,2025-04-13T09:02:56Z,1,3
464,2025-04-18T06:27:58Z,11,S
464,2025-04-13T10:31:55Z,65,3
464,2025-04-24T18:07:12Z,42,1
464,2025-04-04T20:24:30Z,16,1
464,2025-04-14T21:07:37Z,67,S
465,2025-04-26T14:27:42Z,37,1
465,2025-04-29T00:14:00Z,73,1
465,2025-04-03T23:26:00Z,94,S
465,2025-04-16T12:43:52Z,97,1
465,2025-04-02T01:49:59Z,96,1
465,2025-04-18T20:26:49Z,41,2
465,2025-04-17T12:14:11Z,34,S
465,2025-04-04T04:37:34Z,25,2
465,2025-04-13T06:15:42Z,5,0
466,2025-04-09T07:36:53Z,21,1
466,2025-04-24T22:56:30Z,65,2
466,2025-04-06T22:07:47Z,26,1
466,2025-04-13T16:24:13Z,32,S
466,2025-04-18T10:59:39Z,14,0
467,2025-04-29T00:43:00Z,32,3
467,2025-04-26T18:00:57Z,83,3
467,2025-04-19T02:47:37Z,80,3
467,2025-04-17T08:24:10Z,85,2
467,2025-04-08T04:48:36Z,52,S
467,2025-04-02T15:48:27Z,13,S
468,2025-04-27T14:57:43Z,13,1
468,2025-04-06T19:10:03Z,64,0
468,2025-04-06T19:53:40Z,55,1
468,2025-04-13T00:26:44Z,80,2
469,2025-04-17T04:14:50Z,48,3
469,2025-04-17T22:39:56Z,36,3
469,2025-04-02T03:03:36Z,66,3
469,2025-04-25T16:55:51Z,47,S
469,2025-04-23T12:36:18Z,31,2
469,2025-04-15T05:47:12Z,81,2
469,2025-04-23T03:57:01Z,60,3
469,2025-04-05T02:47:23Z,81,2
469,2025-04-08T18:57:31Z,71,1
469,2025-04-29T21:51:54Z,68,1
470,2025-04-20T00:44:39Z,47,3
470,2025-04-26T08:38:09Z,5,3
470,2025-04-11T08:41:28Z,59,1
470,2025-04-26T03:24:05Z,80,3
470,2025-04-14T19:37:41Z,90,1
470,2025-04-07T18:23:23Z,58,1
470,2025-04-04T08:15:02Z,100,2
471,2025-04-07T00:49:33Z,62,S
471,2025-04-18T02:16:01Z,17,0
471,2025-04-13T03:40:26Z,73,S
471,2025-04-17T04:46:34Z,99,S
471,2025-04-26T15:54:20Z,37,3
472,2025-04-26T02:43:29Z,20,1
472,2025-04-15T14:59:03Z,44,S
472,2025-04-01T01:29:18Z,45,0
472,2025-04-27T18:39:37Z,16,2
472,2025-04-17T18:56:59Z,28,0
472,2025-04-19T11:06:19Z,23,2
472,2025-04-24T15:37:26Z,98,3
472,2025-04-18T14:46:22Z,71,1
472,2025-04-24T09:35:46Z,72,1
473,2025-04-24T12:21:34Z,61,1
473,2025-04-14T14:08:23Z,61,S
473,2025-04-18T01:32:23Z,37,0
473,2025-04-12T15:43:29Z,86,0
473,2025-04-11T18:41:55Z,83,1
473,2025-04-03T06:41:14Z,65,2
473,2025-04-01T14:23:37Z,43,0
473,2025-04-09T22:40:42Z,53,3
473,2025-04-02T22:52:06Z,7,3
473,2025-04-20T11:53:45Z,30,2
474,2025-04-03T12:45:14Z,95,0
474,2025-04-24T14:23:51Z,57,1
474,2025-04-03T10:27:39Z,17,S
474,2025-04-15T14:50:44Z,69,S
474,2025-04-27T21:25:38Z,96,0
475,2025-04-21T03:03:15Z,65,S
475,2025-04-01T10:07:48Z,43,1
475,2025-04-21T07:44:11Z,90,2
475,2025-04-22T09:36:34Z,63,2
475,2025-04-14T23:07:06Z,59,3
475,2025-04-26T21:27:11Z,97,S
475,2025-04-15T04:06:08Z,14,2
475,2025-04-21T16:00:15Z,74,3
475,2025-04-01T00:24:21Z,94,1
476,2025-04-19T05:44:31Z,29,2
476,2025-04-18T09:29:21Z,45,3
476,2025-04-05T11:14:34Z,69,1
477,2025-04-08T15:38:34Z,94,S
477,2025-04-26T17:40:24Z,78,1
477,2025-04-28T15:38:21Z,5,0
477,2025-04-16T23:41:28Z,93,0
477,2025-04-11T19:22:45Z,100,1
477,2025-04-23T00:33:42Z,98,2
477,2025-04-28T18:14:55Z,39,0
477,2025-04-21T06:25:31Z,100,2
477,2025-04-15T12:50:28Z,11,0
478,2025-04-21T00:10:00Z,10,3
478,2025-04-26T15:36:49Z,71,1
478,2025-04-20T17:35:26Z,68,S
479,2025-04-27T22:16:40Z,13,2
479,2025-04-21T14:33:28Z,87,2
479,2025-04-26T12:14:16Z,100,1
480,2025-04-04T13:18:53Z,14,2
480,2025-04-15T14:21:08Z,23,3
480,2025-04-16T18:14:20Z,20,1
480,2025-04-02T08:47:03Z,65,3
480,2025-04-28T11:25:47Z,98,3
481,2025-04-19T07:13:45Z,39,3
481,2025-04-24T22:44:32Z,75,3
481,2025-04-25T01:27:20Z,4,2
481,2025-04-20T16:22:02Z,97,2
482,2025-04-26T19:36:54Z,48,1
482,2025-04-08T16:38:08Z,92,S
482,2025-04-02T23:13:51Z,8,2
482,2025-04-12T11:56:58Z,73,1
482,2025-04-22T16:17:34Z,46,3
482,2025-04-07T17:59:53Z,84,0
482,2025-04-10T12:25:06Z,3,0
483,2025-04-14T22:20:27Z,10,0
483,2025-04-08T13:16:24Z,64,0
483,2025-04-12T20:51:08Z,81,1
483,2025-04-13T18:01:41Z,9,1
483,2025-04-28T20:25:57Z,79,3
483,2025-04-09T17:33:54Z,61,S
483,2025-04-19T14:14:55Z,74,2
483,2025-04-17T01:27:33Z,64,2
484,2025-04-26T07:29:16Z,30,3
484,2025-04-11T23:41:07Z,3,2
484,2025-04-13T20:47:25Z,73,3
484,2025-04-03T21:21:31Z,35,3
484,2025-04-29T15:28:48Z,87,2
485,2025-04-17T04:59:33Z,74,1
485,2025-04-20T12:39:29Z,63,3
485,2025-04-22T01:06:30Z,21,0
485,2025-04-04T19:01:29Z,36,3
485,2025-04-09T21:05:18Z,1,3
485,2025-04-29T21:03:41Z,100,2
486,2025-04-19T14:27:30Z,22,0
486,2025-04-14T06:47:00Z,69,1
487,2025-04-18T15:26:34Z,34,2
487,2025-04-13T19:47:28Z,57,2
487,2025-04-05T14:41:42Z,6,2
487,2025-04-15T04:28:41Z,16,S
487,2025-04-22T22:45:22Z,32,3
487,2025-04-05T11:10:05Z,46,1
488,2025-04-12T12:04:23Z,8,S
488,2025-04-06T01:36:27Z,4,1
488,2025-04-05T20:29:12Z,27,2
488,2025-04-02T07:19:11Z,49,2
488,2025-04-16T14:04:52Z,8,S
488,2025-04-16T16:02:58Z,49,0
488,2025-04-07T23:20:49Z,29,S
489,2025-04-21T17:19:44Z,16,3
489,2025-04-29T10:57:42Z,28,2
490,2025-04-02T12:24:07Z,84,1
490,2025-04-06T02:26:38Z,65,0
490,2025-04-10T13:07:09Z,93,3
491,2025-04-26T09:23:21Z,22,0
491,2025-04-19T23:27:10Z,58,2
491,2025-04-24T11:12:01Z,56,1
491,2025-04-14T02:38:15Z,19,3
491,2025-04-13T05:51:17Z,85,2
491,2025-04-02T03:46:42Z,38,S
491,2025-04-21T09:43:13Z,52,0
492,2025-04-01T21:54:45Z,77,1
492,2025-04-01T15:30:55Z,89,2
492,2025-04-07T00:05:35Z,65,1
492,2025-04-19T19:08:37Z,77,3
492,2025-04-28T09:42:03Z,26,S
492,2025-04-02T12:18:38Z,26,3
492,2025-04-27T08:49:29Z,4,2
492,2025-04-06T05:36:07Z,18,S
492,2025-04-15T10:35:14Z,83,3
492,2025-04-09T04:04:11Z,59,3
493,2025-04-25T01:32:57Z,21,2
493,2025-04-15T20:56:12Z,59,1
494,2025-04-09T15:50:05Z,49,2
494,2025-04-27T08:13:10Z,76,S
494,2025-04-13T11:28:54Z,8,S
494,2025-04-28T00:18:43Z,59,S
494,2025-04-25T08:54:39Z,79,0
494,2025-04-02T23:39:05Z,38,3
495,2025-04-27T06:00:43Z,57,2
495,2025-04-16T13:19:52Z,22,3
495,2025-04-18T12:07:20Z,90,0
495,2025-04-06T18:51:11Z,91,2
495,2025-04-07T21:36:01Z,88,2
495,2025-04-07T11:20:47Z,76,S
496,2025-04-20T08:48:51Z,20,1
496,2025-04-18T22:37:14Z,86,1
496,2025-04-05T06:12:43Z,95,1
496,2025-04-15T21:25:48Z,31,2
496,2025-04-26T21:05:31Z,35,0
496,2025-04-16T07:04:35Z,1,0
496,2025-04-08T12:42:49Z,44,1
496,2025-04-04T00:21:34Z,83,1
496,2025-04-04T10:43:00Z,25,3
496,2025-04-07T02:30:37Z,2,0
497,2025-04-02T03:31:19Z,41,1
497,2025-04-12T06:50:14Z,81,3
497,2025-04-25T22:47:04Z,16,0
498,2025-04-19T13:59:00Z,55,0
498,2025-04-04T05:56:53Z,49,1
498,2025-04-02T11:07:56Z,30,1
498,2025-04-26T02:00:22Z,8,0
498,2025-04-06T04:00:56Z,24,0
498,2025-04-16T15:16:18Z,90,3
498,2025-04-21T21:29:45Z,98,3
498,2025-04-29T07:23:18Z,99,1
499,2025-04-29T23:52:41Z,8,3
499,2025-04-29T09:21:45Z,98,S
499,2025-04-28T21:33:45Z,34,0
499,2025-04-29T09:06:15Z,60,1
499,2025-04-03T08:14:02Z,56,2
499,2025-04-19T06:41:50Z,26,0
499,2025-04-05T19:48:27Z,11,0
500,2025-04-10T21:34:52Z,69,S
500,2025-04-17T12:35:34Z,13,1
500,2025-04-11T23:48:28Z,69,2
500,2025-04-25T00:13:49Z,5,S
